token_id,market_id,event_title,outcome,opened_at,last_signal_at,close_ts,status,opening_cluster_id,closing_cluster_id,signal_cluster_count,reinforcement_count,raw_trade_count,supporting_wallet_count,supporting_wallets,wallet_notional_attribution,total_signaled_notional_usdc,executed_notional_usdc,suppressed_notional_usdc,avg_open_signal_price
45379554986085871584947058416771977376718772776823210930085949823850591101312,1029715,Will Trump recognize Somaliland before 2027?,No,2026-01-01T18:24:41+00:00,2026-01-01T18:39:35+00:00,,open,BUY|45379554986085871584947058416771977376718772776823210930085949823850591101312|2026-01-01T18:24:41+00:00|158,,1,0,3,1,"[""0x312bcca3bc77bdc1d37dc6db5b9c1493de61cafe""]","{""0x312bcca3bc77bdc1d37dc6db5b9c1493de61cafe"": 100.0}",1200.0,100.0,1100.0,0.7722762888028831
104618537878140500028029136319526008038578827549343211362847685246827343641857,776293,Fogo FDV above ___ one day after launch?,No,2026-01-02T03:30:11+00:00,2026-01-02T03:30:11+00:00,,open,BUY|104618537878140500028029136319526008038578827549343211362847685246827343641857|2026-01-02T03:30:11+00:00|20,,1,0,1,1,"[""0xc483ee2ce773ae281131382ecc6285c968b88ac8""]","{""0xc483ee2ce773ae281131382ecc6285c968b88ac8"": 100.0}",125.0,100.0,25.0,0.25
7508121354181955025133516941075022727601595370504788676041653200544321267268,1013525,Logan Paul’s Pikachu Illustrator Sale Price,Yes,2026-01-02T06:33:51+00:00,2026-01-02T06:33:51+00:00,,open,BUY|7508121354181955025133516941075022727601595370504788676041653200544321267268|2026-01-02T06:33:51+00:00|260,,1,0,1,1,"[""0xc483ee2ce773ae281131382ecc6285c968b88ac8""]","{""0xc483ee2ce773ae281131382ecc6285c968b88ac8"": 100.0}",142.0,100.0,42.0,0.71
7330027580858467878484654193512913557760487529098241561431464611552982133885,983679,Infinex FDV above ___ one day after launch?,No,2026-01-02T14:29:47+00:00,2026-01-02T14:29:47+00:00,,open,BUY|7330027580858467878484654193512913557760487529098241561431464611552982133885|2026-01-02T14:29:47+00:00|243,,1,0,1,1,"[""0xc483ee2ce773ae281131382ecc6285c968b88ac8""]","{""0xc483ee2ce773ae281131382ecc6285c968b88ac8"": 66.0}",66.0,66.0,0.0,0.66
70775810552688403539056030064328753707542651818571270274848999164624669623126,690679,Ranger FDV above ___ one day after launch?,Yes,2026-01-02T23:30:47+00:00,2026-01-03T13:58:51+00:00,,open,BUY|70775810552688403539056030064328753707542651818571270274848999164624669623126|2026-01-02T23:30:47+00:00|241,,1,0,2,1,"[""0xc483ee2ce773ae281131382ecc6285c968b88ac8""]","{""0xc483ee2ce773ae281131382ecc6285c968b88ac8"": 100.0}",348.02430000000004,100.0,248.02430000000004,0.5608658910958221
30620899959413285022339315956726741881440517658923148815201291758041341244387,690678,Ranger FDV above ___ one day after launch?,Yes,2026-01-02T23:32:21+00:00,2026-01-03T14:01:29+00:00,,open,BUY|30620899959413285022339315956726741881440517658923148815201291758041341244387|2026-01-02T23:32:21+00:00|135,,1,0,4,1,"[""0xc483ee2ce773ae281131382ecc6285c968b88ac8""]","{""0xc483ee2ce773ae281131382ecc6285c968b88ac8"": 100.0}",786.5758,100.0,686.5758,0.7864987279873787
98968621118077424160807608237664655492529057229450409262637485552625745417020,902160,2026 FIFA World Cup: Which countries qualify?,Yes,2026-01-04T01:04:11+00:00,2026-01-07T11:25:47+00:00,,open,BUY|98968621118077424160807608237664655492529057229450409262637485552625745417020|2026-01-04T01:04:11+00:00|336,,2,1,6,1,"[""0xc483ee2ce773ae281131382ecc6285c968b88ac8""]","{""0xc483ee2ce773ae281131382ecc6285c968b88ac8"": 100.0}",246.7302,100.0,146.7302,0.42000000000000004
28663717518512200794404326111925628933866959304735228126629810574590401624488,1109195,Trump invokes War Powers against Venezuela by...?,No,2026-01-05T23:09:41+00:00,2026-01-05T23:09:41+00:00,,open,BUY|28663717518512200794404326111925628933866959304735228126629810574590401624488|2026-01-05T23:09:41+00:00|133,,1,0,1,1,"[""0x5d2f49295387e01a49f0a3e59449ceed791c4adb""]","{""0x5d2f49295387e01a49f0a3e59449ceed791c4adb"": 100.0}",100.0,100.0,0.0,0.25
8652727928322483253980252515440795952564302035092669979469502958738301416747,1013526,Logan Paul’s Pikachu Illustrator Sale Price,Yes,2026-01-06T19:20:53+00:00,2026-01-07T19:43:37+00:00,,open,BUY|8652727928322483253980252515440795952564302035092669979469502958738301416747|2026-01-06T19:20:53+00:00|298,,1,0,6,1,"[""0xc483ee2ce773ae281131382ecc6285c968b88ac8""]","{""0xc483ee2ce773ae281131382ecc6285c968b88ac8"": 100.0}",887.4528,100.0,787.4528,0.5917465717613376
22697205930824323587973428829551347703062150430119123455624634387040890301441,1013527,Logan Paul’s Pikachu Illustrator Sale Price,Yes,2026-01-06T20:23:15+00:00,2026-01-06T20:23:15+00:00,,open,BUY|22697205930824323587973428829551347703062150430119123455624634387040890301441|2026-01-06T20:23:15+00:00|114,,1,0,1,1,"[""0xc483ee2ce773ae281131382ecc6285c968b88ac8""]","{""0xc483ee2ce773ae281131382ecc6285c968b88ac8"": 100.0}",155.0,100.0,55.0,0.31
28600650943409210729611695377507738401552137318056679350621308072632740681953,1013528,Logan Paul’s Pikachu Illustrator Sale Price,Yes,2026-01-06T22:11:13+00:00,2026-01-06T22:11:13+00:00,,open,BUY|28600650943409210729611695377507738401552137318056679350621308072632740681953|2026-01-06T22:11:13+00:00|132,,1,0,1,1,"[""0xc483ee2ce773ae281131382ecc6285c968b88ac8""]","{""0xc483ee2ce773ae281131382ecc6285c968b88ac8"": 10.0}",10.0,10.0,0.0,0.1
25583645135853941481302235632973744939123748727126653796252641636868920800674,665291,Gemini 3 score on FrontierMath Benchmark by January 31?,Yes,2026-01-07T01:53:21+00:00,2026-01-07T02:10:29+00:00,,open,BUY|25583645135853941481302235632973744939123748727126653796252641636868920800674|2026-01-07T01:53:21+00:00|124,,1,0,2,1,"[""0xc483ee2ce773ae281131382ecc6285c968b88ac8""]","{""0xc483ee2ce773ae281131382ecc6285c968b88ac8"": 58.0}",58.0,58.0,0.0,0.58
113202856250897862979713471744991918499323493200624565588321577442342145479224,665292,Gemini 3 score on FrontierMath Benchmark by January 31?,Yes,2026-01-07T01:53:27+00:00,2026-01-07T02:10:07+00:00,,open,BUY|113202856250897862979713471744991918499323493200624565588321577442342145479224|2026-01-07T01:53:27+00:00|70,,1,0,3,1,"[""0xc483ee2ce773ae281131382ecc6285c968b88ac8""]","{""0xc483ee2ce773ae281131382ecc6285c968b88ac8"": 66.24}",66.24000000000001,66.24000000000001,0.0,0.4799999999999999
108368686934589285414559149137133512701664906400051112456443550229390049578166,801279,Which company has the best AI model end of January?,Yes,2026-01-07T05:05:17+00:00,2026-01-07T05:05:17+00:00,,open,BUY|108368686934589285414559149137133512701664906400051112456443550229390049578166|2026-01-07T05:05:17+00:00|51,,1,0,1,1,"[""0x68d1b156197fc516c56fc95d325b3716322c3c4d""]","{""0x68d1b156197fc516c56fc95d325b3716322c3c4d"": 100.0}",450.0,100.0,350.0,0.9
22160584024216512620118726449539047226933595079487906005918759404017635555016,1116707,U.S. strike on Somalia by January 31?,No,2026-01-07T23:05:21+00:00,2026-01-07T23:05:25+00:00,,open,BUY|22160584024216512620118726449539047226933595079487906005918759404017635555016|2026-01-07T23:05:21+00:00|113,,1,0,2,1,"[""0x312bcca3bc77bdc1d37dc6db5b9c1493de61cafe""]","{""0x312bcca3bc77bdc1d37dc6db5b9c1493de61cafe"": 100.0}",206.2877,100.0,106.2877,0.1875645420026982
102936559226637549048065355944039724858704901479969379446067090179916381979416,1126699,Will Venezuela give the US oil by January 31?,No,2026-01-08T00:39:37+00:00,2026-01-08T00:39:37+00:00,,open,BUY|102936559226637549048065355944039724858704901479969379446067090179916381979416|2026-01-08T00:39:37+00:00|4,,1,0,1,1,"[""0x312bcca3bc77bdc1d37dc6db5b9c1493de61cafe""]","{""0x312bcca3bc77bdc1d37dc6db5b9c1493de61cafe"": 44.7093}",44.70929999999999,44.70929999999999,0.0,0.2699999999999999
33156410999665902694791064431724433042010245771106314074312009703157423879038,562802,Which party will win the House in 2026?,No,2026-01-08T11:30:39+00:00,2026-01-08T11:30:39+00:00,,open,BUY|33156410999665902694791064431724433042010245771106314074312009703157423879038|2026-01-08T11:30:39+00:00|137,,1,0,1,1,"[""0x5d2f49295387e01a49f0a3e59449ceed791c4adb""]","{""0x5d2f49295387e01a49f0a3e59449ceed791c4adb"": 100.0}",999.999999,100.0,899.999999,0.2199999998504
35700436050932635684993649565647296773251611912549956986396906448724114804791,716632,Fogo FDV above ___ one day after launch?,No,2026-01-09T13:43:44+00:00,2026-01-09T19:10:04+00:00,,open,BUY|35700436050932635684993649565647296773251611912549956986396906448724114804791|2026-01-09T13:43:44+00:00|138,,1,0,4,1,"[""0xc483ee2ce773ae281131382ecc6285c968b88ac8""]","{""0xc483ee2ce773ae281131382ecc6285c968b88ac8"": 100.0}",252.0,100.0,152.0,0.6300000000000001
10515277927913199821319330783105370776316348038877324978582982782746097676864,1138161,Logan Paul’s Pikachu Illustrator Sale Price,Yes,2026-01-11T12:24:40+00:00,2026-01-15T16:59:04+00:00,,open,BUY|10515277927913199821319330783105370776316348038877324978582982782746097676864|2026-01-11T12:24:40+00:00|30,,2,1,3,1,"[""0xc483ee2ce773ae281131382ecc6285c968b88ac8""]","{""0xc483ee2ce773ae281131382ecc6285c968b88ac8"": 100.0}",104.52785200000001,100.0,4.52785200000001,0.28
11458245696997602822843002791056322614538410841391326590955808308571662245566,1169312, Will Iranian officials visit the White House by January 31?,No,2026-01-12T19:58:07+00:00,2026-01-12T19:58:07+00:00,,open,BUY|11458245696997602822843002791056322614538410841391326590955808308571662245566|2026-01-12T19:58:07+00:00|71,,1,0,1,1,"[""0x5d2f49295387e01a49f0a3e59449ceed791c4adb""]","{""0x5d2f49295387e01a49f0a3e59449ceed791c4adb"": 9.999988}",9.999988,9.999988,0.0,0.9699999980599977
12139729454468563435866182993439751428567886932411837293138927707380050881900,1136375,Raptors vs. Pacers,Raptors,2026-01-15T00:22:00+00:00,2026-01-15T00:22:00+00:00,,open,BUY|12139729454468563435866182993439751428567886932411837293138927707380050881900|2026-01-15T00:22:00+00:00|73,,1,0,1,1,"[""0xc483ee2ce773ae281131382ecc6285c968b88ac8""]","{""0xc483ee2ce773ae281131382ecc6285c968b88ac8"": 65.0}",65.0,65.0,0.0,0.65
98244787093260116328862024451300183951314798836356785732594557504962656138212,1179297,Raptors vs. Pacers,Under,2026-01-15T00:23:18+00:00,2026-01-15T00:24:32+00:00,,open,BUY|98244787093260116328862024451300183951314798836356785732594557504962656138212|2026-01-15T00:23:18+00:00|335,,1,0,2,1,"[""0xc483ee2ce773ae281131382ecc6285c968b88ac8""]","{""0xc483ee2ce773ae281131382ecc6285c968b88ac8"": 100.0}",126.5,100.0,26.5,0.6339525691699605
104547702699628910694432828511061097921337614158465225516543724073943120678663,1194051,alon called coin FDV one day after the call?,Yes,2026-01-15T23:08:16+00:00,2026-01-16T02:07:32+00:00,,open,BUY|104547702699628910694432828511061097921337614158465225516543724073943120678663|2026-01-15T23:08:16+00:00|19,,1,0,3,1,"[""0xc483ee2ce773ae281131382ecc6285c968b88ac8""]","{""0xc483ee2ce773ae281131382ecc6285c968b88ac8"": 100.0}",260.9605,100.0,160.96050000000002,0.5933399591602384
49080143855457580242267822376899049705487482655546909548646324893341202355109,996325,Which companies will have a #1 AI model by June 30?,No,2026-01-17T09:57:48+00:00,2026-01-17T09:57:48+00:00,,open,BUY|49080143855457580242267822376899049705487482655546909548646324893341202355109|2026-01-17T09:57:48+00:00|175,,1,0,1,1,"[""0x68d1b156197fc516c56fc95d325b3716322c3c4d""]","{""0x68d1b156197fc516c56fc95d325b3716322c3c4d"": 100.0}",106.523236,100.0,6.523235999999997,0.8210000057418929
78929715937341408794167552311542037967413766173939867437179908057765495696026,1032304,Will Silver (SI) hit__ by end of January?,No,2026-01-17T19:13:02+00:00,2026-01-18T20:54:54+00:00,,open,BUY|78929715937341408794167552311542037967413766173939867437179908057765495696026|2026-01-17T19:13:02+00:00|270,,1,0,11,1,"[""0x312bcca3bc77bdc1d37dc6db5b9c1493de61cafe""]","{""0x312bcca3bc77bdc1d37dc6db5b9c1493de61cafe"": 100.0}",1589.8071300000001,100.0,1489.8071300000001,0.6569120769523826
87860300155829305912076003853443995176443189924058346013781700476140417587260,665294,Gemini 3 score on FrontierMath Benchmark by January 31?,No,2026-01-18T15:54:02+00:00,2026-01-18T15:54:02+00:00,,open,BUY|87860300155829305912076003853443995176443189924058346013781700476140417587260|2026-01-18T15:54:02+00:00|304,,1,0,1,1,"[""0x68d1b156197fc516c56fc95d325b3716322c3c4d""]","{""0x68d1b156197fc516c56fc95d325b3716322c3c4d"": 100.0}",274.5,100.0,174.5,0.915
60468242217779389878806817246211746815931597197057572808854288983994864155437,665293,Gemini 3 score on FrontierMath Benchmark by January 31?,No,2026-01-18T15:54:12+00:00,2026-01-18T15:54:12+00:00,,open,BUY|60468242217779389878806817246211746815931597197057572808854288983994864155437|2026-01-18T15:54:12+00:00|209,,1,0,1,1,"[""0x68d1b156197fc516c56fc95d325b3716322c3c4d""]","{""0x68d1b156197fc516c56fc95d325b3716322c3c4d"": 100.0}",546.0,100.0,446.0,0.91
14668335989719155721356955488155430077949621963536264077024658800820273637531,822850,How many 7.0 or above earthquakes by June 30?,No,2026-01-20T06:30:18+00:00,2026-01-20T10:34:30+00:00,,open,BUY|14668335989719155721356955488155430077949621963536264077024658800820273637531|2026-01-20T06:30:18+00:00|79,,1,0,2,1,"[""0x68d1b156197fc516c56fc95d325b3716322c3c4d""]","{""0x68d1b156197fc516c56fc95d325b3716322c3c4d"": 100.0}",930.64612,100.0,830.64612,0.9759357731604125
46455141202335968145313615420847542452126287744713851279502283452441722021320,1221088,DeepSeek V4 released by...?,No,2026-01-21T23:22:58+00:00,2026-01-21T23:23:02+00:00,,open,BUY|46455141202335968145313615420847542452126287744713851279502283452441722021320|2026-01-21T23:22:58+00:00|171,,1,0,2,1,"[""0x68d1b156197fc516c56fc95d325b3716322c3c4d""]","{""0x68d1b156197fc516c56fc95d325b3716322c3c4d"": 49.5}",49.5,49.5,0.0,0.943030303030303
68699590631603936159614111102521796272656890935739981452334083576745551689126,665472,Which country will join Abraham Accords before 2027?,No,2026-01-24T23:00:52+00:00,2026-01-24T23:00:52+00:00,,open,BUY|68699590631603936159614111102521796272656890935739981452334083576745551689126|2026-01-24T23:00:52+00:00|237,,1,0,1,1,"[""0x312bcca3bc77bdc1d37dc6db5b9c1493de61cafe""]","{""0x312bcca3bc77bdc1d37dc6db5b9c1493de61cafe"": 71.0}",71.0,71.0,0.0,0.71
50256646345849338212594335798088049683131943305959635608685088584619405759998,801054,Which company has the #2 AI model end of January? (Style Control On),No,2026-01-27T23:44:09+00:00,2026-01-27T23:44:09+00:00,,open,BUY|50256646345849338212594335798088049683131943305959635608685088584619405759998|2026-01-27T23:44:09+00:00|180,,1,0,1,1,"[""0x68d1b156197fc516c56fc95d325b3716322c3c4d""]","{""0x68d1b156197fc516c56fc95d325b3716322c3c4d"": 100.0}",947.74328,100.0,847.74328,0.991788612270953
8068224814554540438878048752492562091284744204380091879028789889702206094159,569363,Colombia Presidential Election,Yes,2026-01-28T18:36:36+00:00,2026-01-28T19:03:58+00:00,,open,BUY|8068224814554540438878048752492562091284744204380091879028789889702206094159|2026-01-28T18:36:36+00:00|277,,1,0,2,1,"[""0x312bcca3bc77bdc1d37dc6db5b9c1493de61cafe""]","{""0x312bcca3bc77bdc1d37dc6db5b9c1493de61cafe"": 100.0}",174.93067,100.0,74.93066999999999,0.029783643902792176
24286668802376412374081743293701238057227224421953022561655145028885026136261,1273609,US strikes Iran by...?,No,2026-01-29T08:37:16+00:00,2026-01-29T08:37:16+00:00,,open,BUY|24286668802376412374081743293701238057227224421953022561655145028885026136261|2026-01-29T08:37:16+00:00|119,,1,0,1,1,"[""0xc483ee2ce773ae281131382ecc6285c968b88ac8""]","{""0xc483ee2ce773ae281131382ecc6285c968b88ac8"": 80.0}",80.0,80.0,0.0,0.8
3030282791277700855214019456360855867707542159662240250340531758591297711347,665535,Google Gemini 3 score on Humanity’s Last Exam by January 31?,No,2026-01-29T21:18:48+00:00,2026-01-29T21:18:48+00:00,,open,BUY|3030282791277700855214019456360855867707542159662240250340531758591297711347|2026-01-29T21:18:48+00:00|134,,1,0,1,1,"[""0x68d1b156197fc516c56fc95d325b3716322c3c4d""]","{""0x68d1b156197fc516c56fc95d325b3716322c3c4d"": 17.79552}",17.79552,17.79552,0.0,0.9599999999999999
90218404914899877642417013232518498857417911125288231683275819215741556196018,801669,Which company has the second best AI model end of January?,Yes,2026-01-30T05:27:44+00:00,2026-01-31T05:55:22+00:00,,open,BUY|90218404914899877642417013232518498857417911125288231683275819215741556196018|2026-01-30T05:27:44+00:00|319,,1,0,10,1,"[""0x68d1b156197fc516c56fc95d325b3716322c3c4d""]","{""0x68d1b156197fc516c56fc95d325b3716322c3c4d"": 100.0}",973.647242,100.0,873.647242,0.9850786401256875
19887155987371259277543240945673503614973999336651266643100148053449504091291,1057663,Grok 4.20 released on...?,Yes,2026-01-30T08:42:26+00:00,2026-01-30T09:03:58+00:00,,open,BUY|19887155987371259277543240945673503614973999336651266643100148053449504091291|2026-01-30T08:42:26+00:00|101,,1,0,3,1,"[""0x68d1b156197fc516c56fc95d325b3716322c3c4d""]","{""0x68d1b156197fc516c56fc95d325b3716322c3c4d"": 100.0}",166.04634,100.0,66.04633999999999,0.9820816873151332
46534155166588431701078595474073906264136276726704441738054126365964302407597,1280359,Grok 4.20 released on...?,No,2026-01-30T08:43:12+00:00,2026-01-31T22:50:08+00:00,,open,BUY|46534155166588431701078595474073906264136276726704441738054126365964302407597|2026-01-30T08:43:12+00:00|172,,2,1,2,1,"[""0x68d1b156197fc516c56fc95d325b3716322c3c4d""]","{""0x68d1b156197fc516c56fc95d325b3716322c3c4d"": 100.0}",722.3924199999999,100.0,622.3924199999999,0.9842428419936372
74362287410284154803232021621218320679950251473439564527357470296938495542322,1280360,Grok 4.20 released on...?,No,2026-01-30T08:43:40+00:00,2026-01-31T22:37:46+00:00,,open,BUY|74362287410284154803232021621218320679950251473439564527357470296938495542322|2026-01-30T08:43:40+00:00|251,,2,1,2,1,"[""0x68d1b156197fc516c56fc95d325b3716322c3c4d""]","{""0x68d1b156197fc516c56fc95d325b3716322c3c4d"": 100.0}",311.83122000000003,100.0,211.83122000000003,0.979649096385542
104018602504328824458326480335468610407674712220101558911208379385458208682692,1280361,Grok 4.20 released on...?,No,2026-01-30T08:44:04+00:00,2026-01-30T08:59:54+00:00,,open,BUY|104018602504328824458326480335468610407674712220101558911208379385458208682692|2026-01-30T08:44:04+00:00|6,,1,0,2,1,"[""0x68d1b156197fc516c56fc95d325b3716322c3c4d""]","{""0x68d1b156197fc516c56fc95d325b3716322c3c4d"": 100.0}",588.6365000000001,100.0,488.63650000000007,0.9647441347538688
41315070582697912998881680117007312113409556499360758383883675705753125330080,1280362,Grok 4.20 released on...?,No,2026-01-30T08:44:10+00:00,2026-01-30T08:46:04+00:00,,open,BUY|41315070582697912998881680117007312113409556499360758383883675705753125330080|2026-01-30T08:44:10+00:00|155,,1,0,2,1,"[""0x68d1b156197fc516c56fc95d325b3716322c3c4d""]","{""0x68d1b156197fc516c56fc95d325b3716322c3c4d"": 100.0}",431.05100000000004,100.0,331.05100000000004,0.9659007170845213
111273564363812054101886422973862382185418177336465688125748209787851178174970,1057662,Grok 4.20 released on...?,No,2026-01-30T08:48:14+00:00,2026-01-30T08:48:26+00:00,,open,BUY|111273564363812054101886422973862382185418177336465688125748209787851178174970|2026-01-30T08:48:14+00:00|61,,1,0,3,1,"[""0x68d1b156197fc516c56fc95d325b3716322c3c4d""]","{""0x68d1b156197fc516c56fc95d325b3716322c3c4d"": 100.0}",238.03836,100.0,138.03836,0.9907539405512362
66023974706831321664616738130007866929696812998505838446517986127931399915847,1280363,Grok 4.20 released on...?,No,2026-01-30T09:19:50+00:00,2026-01-30T09:19:50+00:00,,open,BUY|66023974706831321664616738130007866929696812998505838446517986127931399915847|2026-01-30T09:19:50+00:00|235,,1,0,1,1,"[""0x68d1b156197fc516c56fc95d325b3716322c3c4d""]","{""0x68d1b156197fc516c56fc95d325b3716322c3c4d"": 100.0}",179.975,100.0,79.975,0.978125
112233045487634329634367518108976595553148805477314333947920013172732134093028,1272519,Will Silver (SI) hit__ by end of February?,No,2026-01-30T21:07:20+00:00,2026-01-30T21:07:20+00:00,,open,BUY|112233045487634329634367518108976595553148805477314333947920013172732134093028|2026-01-30T21:07:20+00:00|67,,1,0,1,1,"[""0x5d2f49295387e01a49f0a3e59449ceed791c4adb""]","{""0x5d2f49295387e01a49f0a3e59449ceed791c4adb"": 100.0}",999.999997,100.0,899.999997,0.7741242420673383
83857115267460530460472614942205737715712351578427322787091281153439438903906,1272520,Will Silver (SI) hit__ by end of February?,No,2026-01-30T21:09:00+00:00,2026-01-30T21:32:26+00:00,,open,BUY|83857115267460530460472614942205737715712351578427322787091281153439438903906|2026-01-30T21:09:00+00:00|283,,1,0,2,1,"[""0x5d2f49295387e01a49f0a3e59449ceed791c4adb""]","{""0x5d2f49295387e01a49f0a3e59449ceed791c4adb"": 100.0}",199.999997,100.0,99.99999700000001,0.6965386808739643
112213959525589089943510645300564661710268429931931013490139450679770740272823,1278382,Will Silver (SI) hit__ by end of February?,No,2026-01-30T21:30:18+00:00,2026-01-30T21:30:18+00:00,,open,BUY|112213959525589089943510645300564661710268429931931013490139450679770740272823|2026-01-30T21:30:18+00:00|66,,1,0,1,1,"[""0x5d2f49295387e01a49f0a3e59449ceed791c4adb""]","{""0x5d2f49295387e01a49f0a3e59449ceed791c4adb"": 100.0}",999.999998,100.0,899.999998,0.9099999997543
106396966417057951569060810559007144920944647642220705670417093954955492126873,1249141,GPT-5.3 released by...?,No,2026-01-31T22:45:08+00:00,2026-01-31T22:45:08+00:00,,open,BUY|106396966417057951569060810559007144920944647642220705670417093954955492126873|2026-01-31T22:45:08+00:00|38,,1,0,1,1,"[""0x68d1b156197fc516c56fc95d325b3716322c3c4d""]","{""0x68d1b156197fc516c56fc95d325b3716322c3c4d"": 100.0}",605.88535,100.0,505.88535,0.995
36842455276595008039268361520665954870497077374127221983749242710488408231280,692165,Google Gemini 3 score on Humanity’s Last Exam by January 31?,No,2026-01-31T22:49:22+00:00,2026-01-31T22:49:22+00:00,,open,BUY|36842455276595008039268361520665954870497077374127221983749242710488408231280|2026-01-31T22:49:22+00:00|144,,1,0,1,1,"[""0x68d1b156197fc516c56fc95d325b3716322c3c4d""]","{""0x68d1b156197fc516c56fc95d325b3716322c3c4d"": 100.0}",1693.26668,100.0,1593.26668,0.998
11468636591673707486080826583264903819269384306592669937035061835469685584100,1280366,Grok 4.20 released on...?,No,2026-02-03T23:11:14+00:00,2026-02-03T23:11:14+00:00,,open,BUY|11468636591673707486080826583264903819269384306592669937035061835469685584100|2026-02-03T23:11:14+00:00|72,,1,0,1,1,"[""0x68d1b156197fc516c56fc95d325b3716322c3c4d""]","{""0x68d1b156197fc516c56fc95d325b3716322c3c4d"": 100.0}",815.88401,100.0,715.88401,0.9888424414306317
13052920330214055799528535152239432025317738711113174377003967030217915250647,996327,Which companies will have a #1 AI model by June 30?,Yes,2026-02-06T18:39:55+00:00,2026-02-06T18:40:25+00:00,,open,BUY|13052920330214055799528535152239432025317738711113174377003967030217915250647|2026-02-06T18:39:55+00:00|76,,1,0,3,1,"[""0x68d1b156197fc516c56fc95d325b3716322c3c4d""]","{""0x68d1b156197fc516c56fc95d325b3716322c3c4d"": 100.0}",1799.4517,100.0,1699.4517,0.9585067508783354
78284413635437265509069592053735388425683165562636063096045020083497704322941,621126,Which company's AI will first hit 1500 on Chatbot Arena by June 30?,Yes,2026-02-06T18:40:31+00:00,2026-02-06T18:56:07+00:00,,open,BUY|78284413635437265509069592053735388425683165562636063096045020083497704322941|2026-02-06T18:40:31+00:00|266,,1,0,3,1,"[""0x68d1b156197fc516c56fc95d325b3716322c3c4d""]","{""0x68d1b156197fc516c56fc95d325b3716322c3c4d"": 100.0}",176.1019,100.0,76.1019,0.6089343215490577
69470160605360379556498347527851442267093526561863535937699362447933541328505,676803,Will a Chinese AI model become #1 by June 30? ,No,2026-02-06T19:30:41+00:00,2026-02-06T19:30:41+00:00,,open,BUY|69470160605360379556498347527851442267093526561863535937699362447933541328505|2026-02-06T19:30:41+00:00|238,,1,0,1,1,"[""0x68d1b156197fc516c56fc95d325b3716322c3c4d""]","{""0x68d1b156197fc516c56fc95d325b3716322c3c4d"": 100.0}",130.0,100.0,30.0,0.65
111607403469701848176325976137869872334637481763267242850715251609463070195527,1277222,Which company has the second best AI model end of February?,Yes,2026-02-08T00:10:39+00:00,2026-02-08T20:01:11+00:00,,open,BUY|111607403469701848176325976137869872334637481763267242850715251609463070195527|2026-02-08T00:10:39+00:00|63,,1,0,3,1,"[""0x68d1b156197fc516c56fc95d325b3716322c3c4d""]","{""0x68d1b156197fc516c56fc95d325b3716322c3c4d"": 100.0}",159.79665,100.0,59.79665,0.32081799408283923
37865957358845091183191840023752088730789197590974500397011526640489242302273,1361074,ChatGPT back in as #1 Free App in the US Apple App Store by...?,Yes,2026-02-10T19:58:39+00:00,2026-02-10T19:58:39+00:00,,open,BUY|37865957358845091183191840023752088730789197590974500397011526640489242302273|2026-02-10T19:58:39+00:00|145,,1,0,1,1,"[""0x68d1b156197fc516c56fc95d325b3716322c3c4d""]","{""0x68d1b156197fc516c56fc95d325b3716322c3c4d"": 100.0}",319.4089,100.0,219.40890000000002,0.9792712389244871
63435878309236741403454965681733694935440560939786509588140515878181787190811,1361925,ChatGPT back in as #1 Free App in the US Apple App Store by...?,Yes,2026-02-10T20:06:41+00:00,2026-02-10T20:13:53+00:00,,open,BUY|63435878309236741403454965681733694935440560939786509588140515878181787190811|2026-02-10T20:06:41+00:00|225,,1,0,3,1,"[""0x68d1b156197fc516c56fc95d325b3716322c3c4d""]","{""0x68d1b156197fc516c56fc95d325b3716322c3c4d"": 100.0}",334.96520000000004,100.0,234.96520000000004,0.9795740243953521
55076347673477441816151586458826018228335761908458989932750463345222606439406,1361072,ChatGPT back in as #1 Free App in the US Apple App Store by...?,Yes,2026-02-10T20:11:25+00:00,2026-02-10T20:11:25+00:00,,open,BUY|55076347673477441816151586458826018228335761908458989932750463345222606439406|2026-02-10T20:11:25+00:00|198,,1,0,1,1,"[""0x68d1b156197fc516c56fc95d325b3716322c3c4d""]","{""0x68d1b156197fc516c56fc95d325b3716322c3c4d"": 48.5}",48.5,48.5,0.0,0.9700000000000001
48823652411021967654612988126311689683357179711112141150849383840512095383992,1361073,ChatGPT back in as #1 Free App in the US Apple App Store by...?,Yes,2026-02-10T20:15:17+00:00,2026-02-10T20:15:17+00:00,,open,BUY|48823652411021967654612988126311689683357179711112141150849383840512095383992|2026-02-10T20:15:17+00:00|174,,1,0,1,1,"[""0x68d1b156197fc516c56fc95d325b3716322c3c4d""]","{""0x68d1b156197fc516c56fc95d325b3716322c3c4d"": 100.0}",495.0,100.0,395.0,0.99
73589146669056151555714129428209133118428494558324483288603407520741319618072,1383213,Counter-Strike: FURIA vs Team Falcons (BO3) - PGL Cluj-Napoca Group Stage,FURIA,2026-02-16T18:37:55+00:00,2026-02-16T18:37:55+00:00,,open,BUY|73589146669056151555714129428209133118428494558324483288603407520741319618072|2026-02-16T18:37:55+00:00|244,,1,0,1,1,"[""0xc483ee2ce773ae281131382ecc6285c968b88ac8""]","{""0xc483ee2ce773ae281131382ecc6285c968b88ac8"": 35.0}",35.0,35.0,0.0,0.7
63143918686236233928672983984129058891473353803994659201131614781821505294362,1277193,Which company has the best AI model end of February?,Yes,2026-02-19T18:16:08+00:00,2026-02-19T18:16:08+00:00,,open,BUY|63143918686236233928672983984129058891473353803994659201131614781821505294362|2026-02-19T18:16:08+00:00|220,,1,0,1,1,"[""0x68d1b156197fc516c56fc95d325b3716322c3c4d""]","{""0x68d1b156197fc516c56fc95d325b3716322c3c4d"": 100.0}",870.0,100.0,770.0,0.87
63857979746220607590394358737857281562126460174428053635528635126139956706411,1419023,Which crypto company will ZachXBT expose for insider trading?,Yes,2026-02-25T10:37:52+00:00,2026-02-25T11:02:24+00:00,,open,BUY|63857979746220607590394358737857281562126460174428053635528635126139956706411|2026-02-25T10:37:52+00:00|228,,1,0,2,1,"[""0xc483ee2ce773ae281131382ecc6285c968b88ac8""]","{""0xc483ee2ce773ae281131382ecc6285c968b88ac8"": 100.0}",440.0,100.0,340.0,0.4409090909090909
103085646832854751469717081566514513444624814137586278494175134470235906780198,1419011,Which crypto company will ZachXBT expose for insider trading?,Yes,2026-02-25T10:44:06+00:00,2026-02-25T10:45:26+00:00,,open,BUY|103085646832854751469717081566514513444624814137586278494175134470235906780198|2026-02-25T10:44:06+00:00|5,,1,0,4,1,"[""0xc483ee2ce773ae281131382ecc6285c968b88ac8""]","{""0xc483ee2ce773ae281131382ecc6285c968b88ac8"": 89.0}",89.0,89.0,0.0,0.178
104349572810513266847326931137067114428030088992780893843173515125996069693981,1419013,Which crypto company will ZachXBT expose for insider trading?,Yes,2026-02-25T10:47:28+00:00,2026-02-25T12:07:32+00:00,,open,BUY|104349572810513266847326931137067114428030088992780893843173515125996069693981|2026-02-25T10:47:28+00:00|12,,1,0,3,1,"[""0xc483ee2ce773ae281131382ecc6285c968b88ac8""]","{""0xc483ee2ce773ae281131382ecc6285c968b88ac8"": 4.0}",4.0,4.0,0.0,0.007999999999999991
22875222332185787372521486651351547492743974324239706009881837928726150617995,1419022,Which crypto company will ZachXBT expose for insider trading?,Yes,2026-02-25T10:51:22+00:00,2026-02-25T13:44:56+00:00,,open,BUY|22875222332185787372521486651351547492743974324239706009881837928726150617995|2026-02-25T10:51:22+00:00|115,,1,0,14,1,"[""0xc483ee2ce773ae281131382ecc6285c968b88ac8""]","{""0xc483ee2ce773ae281131382ecc6285c968b88ac8"": 100.0}",135.42892,100.0,35.428920000000005,0.02307336897813997
58770403327247527946711426652937542884935904988544851911204303362119834752520,1419009,Which crypto company will ZachXBT expose for insider trading?,Yes,2026-02-25T10:52:54+00:00,2026-02-25T10:59:40+00:00,,open,BUY|58770403327247527946711426652937542884935904988544851911204303362119834752520|2026-02-25T10:52:54+00:00|208,,1,0,3,1,"[""0xc483ee2ce773ae281131382ecc6285c968b88ac8""]","{""0xc483ee2ce773ae281131382ecc6285c968b88ac8"": 15.5}",15.5,15.5,0.0,0.03099999999999992
78113679332761487109462653202777073996438611624393367432471179315574735229033,1419012,Which crypto company will ZachXBT expose for insider trading?,Yes,2026-02-25T10:56:56+00:00,2026-02-25T11:24:24+00:00,,open,BUY|78113679332761487109462653202777073996438611624393367432471179315574735229033|2026-02-25T10:56:56+00:00|265,,1,0,2,1,"[""0xc483ee2ce773ae281131382ecc6285c968b88ac8""]","{""0xc483ee2ce773ae281131382ecc6285c968b88ac8"": 30.0}",30.0,30.0,0.0,0.05999999999999999
41404978022775408698363708815635800187884842338413425684010619042799837439649,1419016,Which crypto company will ZachXBT expose for insider trading?,Yes,2026-02-25T11:54:12+00:00,2026-02-25T11:54:12+00:00,,open,BUY|41404978022775408698363708815635800187884842338413425684010619042799837439649|2026-02-25T11:54:12+00:00|156,,1,0,1,1,"[""0xc483ee2ce773ae281131382ecc6285c968b88ac8""]","{""0xc483ee2ce773ae281131382ecc6285c968b88ac8"": 9.0}",9.0,9.0,0.0,0.018
83519181807223149176944154673874245034190466411042063015447181347367071679109,801449,Which company has the best AI model end of March?,Yes,2026-02-28T07:36:09+00:00,2026-02-28T07:36:09+00:00,,open,BUY|83519181807223149176944154673874245034190466411042063015447181347367071679109|2026-02-28T07:36:09+00:00|282,,1,0,1,1,"[""0x68d1b156197fc516c56fc95d325b3716322c3c4d""]","{""0x68d1b156197fc516c56fc95d325b3716322c3c4d"": 100.0}",281.0,100.0,181.0,0.562
67645982431016512360995981686256781137791457525028071775575457793020220023547,1455894,"Bitcoin Up or Down - February 28, 1:20PM-1:25PM ET",Up,2026-02-28T18:21:53+00:00,2026-02-28T18:21:53+00:00,,open,BUY|67645982431016512360995981686256781137791457525028071775575457793020220023547|2026-02-28T18:21:53+00:00|236,,1,0,1,1,"[""0x312bcca3bc77bdc1d37dc6db5b9c1493de61cafe""]","{""0x312bcca3bc77bdc1d37dc6db5b9c1493de61cafe"": 10.0}",10.0,10.0,0.0,0.0948136910969944
36030605594218606269953110403466932863567822604749793935364744103992783589525,1461399,"Bitcoin Up or Down - February 28, 7:15PM-7:20PM ET",Down,2026-03-01T00:17:15+00:00,2026-03-01T00:17:15+00:00,,open,BUY|36030605594218606269953110403466932863567822604749793935364744103992783589525|2026-03-01T00:17:15+00:00|139,,1,0,1,1,"[""0x312bcca3bc77bdc1d37dc6db5b9c1493de61cafe""]","{""0x312bcca3bc77bdc1d37dc6db5b9c1493de61cafe"": 24.999999}",24.999999000000003,24.999999000000003,0.0,0.5399999935199998
2518849864491859058769514788531543514841085631527157069354805571569879631478,1453355,"Bitcoin Up or Down - March 1, 5AM ET",Down,2026-03-01T10:46:57+00:00,2026-03-01T10:46:57+00:00,,open,BUY|2518849864491859058769514788531543514841085631527157069354805571569879631478|2026-03-01T10:46:57+00:00|122,,1,0,1,1,"[""0x312bcca3bc77bdc1d37dc6db5b9c1493de61cafe""]","{""0x312bcca3bc77bdc1d37dc6db5b9c1493de61cafe"": 19.999999}",19.999999,19.999999,0.0,0.42999999612999973
19688104450190953765961411432669030253101205845216392761873543005612502706308,665307,Will Iran close the Strait of Hormuz by...?,No,2026-03-01T11:16:19+00:00,2026-03-01T11:18:11+00:00,,open,BUY|19688104450190953765961411432669030253101205845216392761873543005612502706308|2026-03-01T11:16:19+00:00|98,,1,0,2,1,"[""0x312bcca3bc77bdc1d37dc6db5b9c1493de61cafe""]","{""0x312bcca3bc77bdc1d37dc6db5b9c1493de61cafe"": 100.0}",290.373,100.0,190.373,0.29039852149347034
44800788676575155912821925582318406767081297657366783297936713765831502614537,1170221,Trump invokes War Powers against Iran by...?,No,2026-03-01T18:23:41+00:00,2026-03-01T18:23:41+00:00,,open,BUY|44800788676575155912821925582318406767081297657366783297936713765831502614537|2026-03-01T18:23:41+00:00|157,,1,0,1,1,"[""0x312bcca3bc77bdc1d37dc6db5b9c1493de61cafe""]","{""0x312bcca3bc77bdc1d37dc6db5b9c1493de61cafe"": 6.67}",6.67,6.67,0.0,0.0667
102933966669939200643196302368435117270647708938629535121296095832516117295609,1485169,Which countries will conduct military action against Iran by March 31?,Yes,2026-03-02T19:50:59+00:00,2026-03-02T19:50:59+00:00,,open,BUY|102933966669939200643196302368435117270647708938629535121296095832516117295609|2026-03-02T19:50:59+00:00|3,,1,0,1,1,"[""0x312bcca3bc77bdc1d37dc6db5b9c1493de61cafe""]","{""0x312bcca3bc77bdc1d37dc6db5b9c1493de61cafe"": 25.0}",25.0,25.0,0.0,0.25
74598389673255298813619010187324128501394161756381735794171863598275215249089,1179977,Will Iran close the Strait of Hormuz by...?,No,2026-03-02T20:07:45+00:00,2026-03-02T20:07:53+00:00,,open,BUY|74598389673255298813619010187324128501394161756381735794171863598275215249089|2026-03-02T20:07:45+00:00|254,,1,0,2,1,"[""0x312bcca3bc77bdc1d37dc6db5b9c1493de61cafe""]","{""0x312bcca3bc77bdc1d37dc6db5b9c1493de61cafe"": 100.0}",225.0,100.0,125.0,0.45
4628263244945782899022674228950466164930698764206510959587758475709601992367,1198771,Will Iran close the Strait of Hormuz by...?,No,2026-03-03T14:07:53+00:00,2026-03-04T15:10:51+00:00,,open,BUY|4628263244945782899022674228950466164930698764206510959587758475709601992367|2026-03-03T14:07:53+00:00|167,,1,0,5,1,"[""0x312bcca3bc77bdc1d37dc6db5b9c1493de61cafe""]","{""0x312bcca3bc77bdc1d37dc6db5b9c1493de61cafe"": 100.0}",805.0,100.0,705.0,0.23556521739130434
91112313951719474938203060035122324217785758642997043619851670449035656054317,1467769,Will Crude Oil (CL) hit__ by end of March?,Yes,2026-03-04T15:12:01+00:00,2026-03-04T15:12:01+00:00,,open,BUY|91112313951719474938203060035122324217785758642997043619851670449035656054317|2026-03-04T15:12:01+00:00|322,,1,0,1,1,"[""0x5d2f49295387e01a49f0a3e59449ceed791c4adb""]","{""0x5d2f49295387e01a49f0a3e59449ceed791c4adb"": 100.0}",999.999992,100.0,899.999992,0.9441260790961098
61149824827896123270843110203418822671205338586531528045562236956705553986931,1467768,Will Crude Oil (CL) hit__ by end of March?,Yes,2026-03-04T15:15:23+00:00,2026-03-04T15:15:23+00:00,,open,BUY|61149824827896123270843110203418822671205338586531528045562236956705553986931|2026-03-04T15:15:23+00:00|217,,1,0,1,1,"[""0x5d2f49295387e01a49f0a3e59449ceed791c4adb""]","{""0x5d2f49295387e01a49f0a3e59449ceed791c4adb"": 100.0}",999.999997,100.0,899.999997,0.739017549947909
5674634164483753455001300848923342999112636787226006382960327453201573652435,1493931,"Bitcoin Up or Down - March 4, 1:20PM-1:25PM ET",Up,2026-03-04T18:22:25+00:00,2026-03-04T18:22:25+00:00,,open,BUY|5674634164483753455001300848923342999112636787226006382960327453201573652435|2026-03-04T18:22:25+00:00|203,,1,0,1,1,"[""0x312bcca3bc77bdc1d37dc6db5b9c1493de61cafe""]","{""0x312bcca3bc77bdc1d37dc6db5b9c1493de61cafe"": 100.0}",100.0,100.0,0.0,0.4999095188766309
63409286016973577903012142269621228305682014726736632772295861872995350316136,665218,Israel and Saudi Arabia normalize relations before 2027?,No,2026-03-04T20:05:17+00:00,2026-03-04T20:05:17+00:00,,open,BUY|63409286016973577903012142269621228305682014726736632772295861872995350316136|2026-03-04T20:05:17+00:00|224,,1,0,1,1,"[""0x312bcca3bc77bdc1d37dc6db5b9c1493de61cafe""]","{""0x312bcca3bc77bdc1d37dc6db5b9c1493de61cafe"": 100.0}",332.348516,100.0,232.34851600000002,0.690000001349487
104952179639639381770777331950382449774274269622171444955840369498606812019204,1400402,U.S. evacuates Baghdad Embassy by...?,No,2026-03-05T15:00:01+00:00,2026-03-05T15:00:01+00:00,,open,BUY|104952179639639381770777331950382449774274269622171444955840369498606812019204|2026-03-05T15:00:01+00:00|29,,1,0,1,1,"[""0x5d2f49295387e01a49f0a3e59449ceed791c4adb""]","{""0x5d2f49295387e01a49f0a3e59449ceed791c4adb"": 100.0}",200.0,100.0,100.0,0.796812749003984
62497484786678614664195685877964885813117654397136901743569685205950564052461,1400397,U.S. evacuates Beirut Embassy by March 31?,No,2026-03-05T15:00:35+00:00,2026-03-05T15:00:35+00:00,,open,BUY|62497484786678614664195685877964885813117654397136901743569685205950564052461|2026-03-05T15:00:35+00:00|218,,1,0,1,1,"[""0x5d2f49295387e01a49f0a3e59449ceed791c4adb""]","{""0x5d2f49295387e01a49f0a3e59449ceed791c4adb"": 100.0}",199.999999,100.0,99.999999,0.7045546559492442
55372354405263007593292705766965823415419756750365448443668249193944742830897,1506473,What price will Bitcoin hit on March 5?,No,2026-03-05T15:15:59+00:00,2026-03-05T15:17:15+00:00,,open,BUY|55372354405263007593292705766965823415419756750365448443668249193944742830897|2026-03-05T15:15:59+00:00|199,,1,0,2,1,"[""0x5d2f49295387e01a49f0a3e59449ceed791c4adb""]","{""0x5d2f49295387e01a49f0a3e59449ceed791c4adb"": 100.0}",736.0,100.0,636.0,0.9143483569570526
50539099720008143956524510587830928117452219327445157617349558426648532859551,1500908,GPT-5.4 released by...?,No,2026-03-05T17:21:43+00:00,2026-03-05T17:21:43+00:00,,open,BUY|50539099720008143956524510587830928117452219327445157617349558426648532859551|2026-03-05T17:21:43+00:00|183,,1,0,1,1,"[""0x5d2f49295387e01a49f0a3e59449ceed791c4adb""]","{""0x5d2f49295387e01a49f0a3e59449ceed791c4adb"": 100.0}",100.0,100.0,0.0,0.1466757410058435
283788967750103101007432353423042743776533232373505402707349699437390434257,920144,Which company will have the best AI model for math on March 31?,Yes,2026-03-06T08:02:23+00:00,2026-03-06T08:02:23+00:00,,open,BUY|283788967750103101007432353423042743776533232373505402707349699437390434257|2026-03-06T08:02:23+00:00|131,,1,0,1,1,"[""0x68d1b156197fc516c56fc95d325b3716322c3c4d""]","{""0x68d1b156197fc516c56fc95d325b3716322c3c4d"": 100.0}",231.6403,100.0,131.6403,0.8751380860629415
50789337997565764077532447647954779643620577480023034662983184581147635891560,1492953,Opinion FDV above ___ one day after launch?,No,2026-03-06T11:35:29+00:00,2026-03-06T11:35:29+00:00,,open,BUY|50789337997565764077532447647954779643620577480023034662983184581147635891560|2026-03-06T11:35:29+00:00|184,,1,0,1,1,"[""0x5d2f49295387e01a49f0a3e59449ceed791c4adb""]","{""0x5d2f49295387e01a49f0a3e59449ceed791c4adb"": 100.0}",999.999999,100.0,899.999999,0.80865988878245
85520490413572360235058851450781930532680155921712950189237409407488519651948,1466036,US forces enter Iran by..?,No,2026-03-10T14:34:21+00:00,2026-03-11T08:55:49+00:00,,open,BUY|85520490413572360235058851450781930532680155921712950189237409407488519651948|2026-03-10T14:34:21+00:00|288,,1,0,2,2,"[""0x5d2f49295387e01a49f0a3e59449ceed791c4adb"", ""0x68d1b156197fc516c56fc95d325b3716322c3c4d""]","{""0x5d2f49295387e01a49f0a3e59449ceed791c4adb"": 50.0, ""0x68d1b156197fc516c56fc95d325b3716322c3c4d"": 50.0}",1909.9999950000001,100.0,1809.9999950000001,0.9046942592026777
21074627447851722982583017164862562903762903675957478566509692359288711223560,920285,Which company will have the best AI model for coding on March 31?,Yes,2026-03-11T08:53:45+00:00,2026-03-11T13:58:29+00:00,,open,BUY|21074627447851722982583017164862562903762903675957478566509692359288711223560|2026-03-11T08:53:45+00:00|107,,1,0,3,1,"[""0x68d1b156197fc516c56fc95d325b3716322c3c4d""]","{""0x68d1b156197fc516c56fc95d325b3716322c3c4d"": 100.0}",265.22698199999996,100.0,165.22698199999996,0.8437114278934863
90970746370012124655466959862759858539973487299075078497540604411394363461154,1370745,S&P 500 all time high by...?,Yes,2026-03-11T09:38:13+00:00,2026-03-12T13:40:01+00:00,,open,BUY|90970746370012124655466959862759858539973487299075078497540604411394363461154|2026-03-11T09:38:13+00:00|321,,1,0,13,1,"[""0x5d2f49295387e01a49f0a3e59449ceed791c4adb""]","{""0x5d2f49295387e01a49f0a3e59449ceed791c4adb"": 69.997499}",69.997499,69.997499,0.0,0.25
79604528232948727310929342266363167112376947061009561908092836336406731912720,1360940,DeepSeek V4 released by...?,No,2026-03-11T16:54:45+00:00,2026-03-11T16:54:45+00:00,,open,BUY|79604528232948727310929342266363167112376947061009561908092836336406731912720|2026-03-11T16:54:45+00:00|271,,1,0,1,1,"[""0x68d1b156197fc516c56fc95d325b3716322c3c4d""]","{""0x68d1b156197fc516c56fc95d325b3716322c3c4d"": 100.0}",162.0,100.0,62.0,0.8099999999999999
25545592331013620219195325422336422400600559808669441465556907344019087722884,1537831,Will Khamenei tweet on...?,Yes,2026-03-11T20:19:53+00:00,2026-03-11T20:19:53+00:00,,open,BUY|25545592331013620219195325422336422400600559808669441465556907344019087722884|2026-03-11T20:19:53+00:00|123,,1,0,1,1,"[""0x5d2f49295387e01a49f0a3e59449ceed791c4adb""]","{""0x5d2f49295387e01a49f0a3e59449ceed791c4adb"": 100.0}",199.999999,100.0,99.999999,0.8084328528664609
89336264239989122383122704165255872699177887882264330841492281051298522223986,920148,Which company will have the best AI model for math on March 31?,No,2026-03-12T11:46:57+00:00,2026-03-12T11:46:57+00:00,,open,BUY|89336264239989122383122704165255872699177887882264330841492281051298522223986|2026-03-12T11:46:57+00:00|308,,1,0,1,1,"[""0x68d1b156197fc516c56fc95d325b3716322c3c4d""]","{""0x68d1b156197fc516c56fc95d325b3716322c3c4d"": 100.0}",238.27466,100.0,138.27466,0.945009359879432
21614879912002204029482010964113433162538694333938229605880620451256591931202,950001,Naim Qassem out as Hezbollah’s secretary-general by...?,No,2026-03-13T22:06:59+00:00,2026-03-13T22:06:59+00:00,,open,BUY|21614879912002204029482010964113433162538694333938229605880620451256591931202|2026-03-13T22:06:59+00:00|110,,1,0,1,1,"[""0x5d2f49295387e01a49f0a3e59449ceed791c4adb""]","{""0x5d2f49295387e01a49f0a3e59449ceed791c4adb"": 100.0}",999.999998,100.0,899.999998,0.7116432229754596
93414970502985248153450556501896029172111478688180132916376798785122924666574,1467763,Will Crude Oil (CL) hit__ by end of March?,No,2026-03-14T07:37:05+00:00,2026-03-14T07:37:05+00:00,,open,BUY|93414970502985248153450556501896029172111478688180132916376798785122924666574|2026-03-14T07:37:05+00:00|328,,1,0,1,1,"[""0x5d2f49295387e01a49f0a3e59449ceed791c4adb""]","{""0x5d2f49295387e01a49f0a3e59449ceed791c4adb"": 100.0}",1000.0,100.0,900.0,0.5
84904409945609309846570449310226685948535323191699028188745859280587290848196,1537834,Will Khamenei tweet on...?,Yes,2026-03-14T12:35:37+00:00,2026-03-14T20:04:07+00:00,,open,BUY|84904409945609309846570449310226685948535323191699028188745859280587290848196|2026-03-14T12:35:37+00:00|286,,1,0,14,1,"[""0x5d2f49295387e01a49f0a3e59449ceed791c4adb""]","{""0x5d2f49295387e01a49f0a3e59449ceed791c4adb"": 100.0}",1475.2464,100.0,1375.2464,0.8
51938013536033607392847872760095315790110510345353215258271180769721415981927,1466015,US x Iran ceasefire by...?,No,2026-03-15T08:46:31+00:00,2026-03-15T08:52:25+00:00,,open,BUY|51938013536033607392847872760095315790110510345353215258271180769721415981927|2026-03-15T08:46:31+00:00|188,,1,0,2,1,"[""0x68d1b156197fc516c56fc95d325b3716322c3c4d""]","{""0x68d1b156197fc516c56fc95d325b3716322c3c4d"": 100.0}",850.0,100.0,750.0,0.85
57219759190726526852779495704911444737250818807249343613369518123777948061637,1601986,Will Khamenei tweet on...?,Yes,2026-03-17T06:25:49+00:00,2026-03-17T06:43:15+00:00,,open,BUY|57219759190726526852779495704911444737250818807249343613369518123777948061637|2026-03-17T06:25:49+00:00|207,,1,0,2,1,"[""0x5d2f49295387e01a49f0a3e59449ceed791c4adb""]","{""0x5d2f49295387e01a49f0a3e59449ceed791c4adb"": 100.0}",210.195066,100.0,110.195066,0.7000000016651201
52933582698590658396561574053436899735736675731872098287374405938170788944175,1601988,Will Khamenei tweet on...?,Yes,2026-03-17T18:08:31+00:00,2026-03-18T19:44:45+00:00,,open,BUY|52933582698590658396561574053436899735736675731872098287374405938170788944175|2026-03-17T18:08:31+00:00|191,,1,0,5,1,"[""0x5d2f49295387e01a49f0a3e59449ceed791c4adb""]","{""0x5d2f49295387e01a49f0a3e59449ceed791c4adb"": 100.0}",297.4773,100.0,197.4773,0.75
79827161516588194082090358478099204248211748697994204239266150482441086445011,1601990,Will Khamenei tweet on...?,Yes,2026-03-17T18:08:43+00:00,2026-03-18T12:27:29+00:00,,open,BUY|79827161516588194082090358478099204248211748697994204239266150482441086445011|2026-03-17T18:08:43+00:00|274,,1,0,7,1,"[""0x5d2f49295387e01a49f0a3e59449ceed791c4adb""]","{""0x5d2f49295387e01a49f0a3e59449ceed791c4adb"": 100.0}",295.026,100.0,195.026,0.75
89355723338065731924244668134765496784430161987852848379545459325940753410943,1601991,Will Khamenei tweet on...?,Yes,2026-03-17T18:08:55+00:00,2026-03-17T18:08:55+00:00,,open,BUY|89355723338065731924244668134765496784430161987852848379545459325940753410943|2026-03-17T18:08:55+00:00|314,,1,0,1,1,"[""0x5d2f49295387e01a49f0a3e59449ceed791c4adb""]","{""0x5d2f49295387e01a49f0a3e59449ceed791c4adb"": 19.0568}",19.0568,19.0568,0.0,0.7
96762850574194598734091003708515128785881033968535846525697420637727781397778,1601992,Will Khamenei tweet on...?,Yes,2026-03-17T18:08:59+00:00,2026-03-22T18:39:47+00:00,,open,BUY|96762850574194598734091003708515128785881033968535846525697420637727781397778|2026-03-17T18:08:59+00:00|331,,2,1,4,1,"[""0x5d2f49295387e01a49f0a3e59449ceed791c4adb""]","{""0x5d2f49295387e01a49f0a3e59449ceed791c4adb"": 100.0}",225.298999,100.0,125.298999,0.7000000180000008
112681745036892904919084444404309561131042946716361118455013392636386333962456,1601989,Will Khamenei tweet on...?,Yes,2026-03-17T18:32:17+00:00,2026-03-18T14:48:19+00:00,,open,BUY|112681745036892904919084444404309561131042946716361118455013392636386333962456|2026-03-17T18:32:17+00:00|68,,1,0,9,1,"[""0x5d2f49295387e01a49f0a3e59449ceed791c4adb""]","{""0x5d2f49295387e01a49f0a3e59449ceed791c4adb"": 100.0}",349.7016,100.0,249.70159999999998,0.7500000000000001
31907065715291305809839632672069727543912064011021095181129924001063728395112,1601987,Will Khamenei tweet on...?,Yes,2026-03-17T18:42:37+00:00,2026-03-18T14:02:09+00:00,,open,BUY|31907065715291305809839632672069727543912064011021095181129924001063728395112|2026-03-17T18:42:37+00:00|136,,1,0,7,1,"[""0x5d2f49295387e01a49f0a3e59449ceed791c4adb""]","{""0x5d2f49295387e01a49f0a3e59449ceed791c4adb"": 100.0}",749.9955,100.0,649.9955,0.7499999999999999
76641034721053425080952855862174690067662519247667787282293691334146019135577,840929,Which continent will win the 2026 Fifa World Cup?,Yes,2026-03-18T07:40:37+00:00,2026-03-21T14:02:01+00:00,,open,BUY|76641034721053425080952855862174690067662519247667787282293691334146019135577|2026-03-18T07:40:37+00:00|262,,1,0,15,1,"[""0xc483ee2ce773ae281131382ecc6285c968b88ac8""]","{""0xc483ee2ce773ae281131382ecc6285c968b88ac8"": 100.0}",603.4809329999999,100.0,503.48093299999994,0.694015301258905
93181189712016540534662953032393285997926094285095847884999978328594370076499,800483,Which company has the top AI model end of March? (Style Control On),Yes,2026-03-20T15:36:05+00:00,2026-03-20T22:29:29+00:00,,open,BUY|93181189712016540534662953032393285997926094285095847884999978328594370076499|2026-03-20T15:36:05+00:00|327,,1,0,3,1,"[""0x68d1b156197fc516c56fc95d325b3716322c3c4d""]","{""0x68d1b156197fc516c56fc95d325b3716322c3c4d"": 100.0}",453.76082,100.0,353.76082,0.9308669229749716
52524163922571923183266519099402467935730326233022494206279867476007301859150,920147,Which company will have the best AI model for math on March 31?,No,2026-03-22T16:59:29+00:00,2026-03-22T16:59:29+00:00,,open,BUY|52524163922571923183266519099402467935730326233022494206279867476007301859150|2026-03-22T16:59:29+00:00|190,,1,0,1,1,"[""0x68d1b156197fc516c56fc95d325b3716322c3c4d""]","{""0x68d1b156197fc516c56fc95d325b3716322c3c4d"": 100.0}",147.87805,100.0,47.87805,0.9849999999999999
96987453193138406151346559801298257581073154160692863098919175646298939719001,1486044,Will Silver (SI) hit __ by end of March?,Yes,2026-03-22T19:50:27+00:00,2026-03-23T02:41:19+00:00,,open,BUY|96987453193138406151346559801298257581073154160692863098919175646298939719001|2026-03-22T19:50:27+00:00|333,,1,0,9,1,"[""0x312bcca3bc77bdc1d37dc6db5b9c1493de61cafe""]","{""0x312bcca3bc77bdc1d37dc6db5b9c1493de61cafe"": 100.0}",590.0,100.0,490.0,0.59
38283306982390953234293391802344408666333834757626912358185429491624609735395,1285451,OpenAI GPT score on Humanity’s Last Exam by June 30?,Yes,2026-03-23T21:18:11+00:00,2026-03-23T21:43:27+00:00,,open,BUY|38283306982390953234293391802344408666333834757626912358185429491624609735395|2026-03-23T21:18:11+00:00|146,,1,0,4,1,"[""0x68d1b156197fc516c56fc95d325b3716322c3c4d""]","{""0x68d1b156197fc516c56fc95d325b3716322c3c4d"": 100.0}",1200.0095,100.0,1100.0095,0.9190607167170297
84131570923974206058669327083756688508875351767903071564338307305892124941287,1447961,Another 7.0 or above earthquake by...?,Yes,2026-03-24T05:02:07+00:00,2026-03-24T05:04:01+00:00,,open,BUY|84131570923974206058669327083756688508875351767903071564338307305892124941287|2026-03-24T05:02:07+00:00|284,,1,0,2,1,"[""0x68d1b156197fc516c56fc95d325b3716322c3c4d""]","{""0x68d1b156197fc516c56fc95d325b3716322c3c4d"": 100.0}",446.63334,100.0,346.63334,0.9850553250309165
97239064965732803737916653862943934113379511151142153646922689736578721118941,1662632,How many 6.5 or above earthquakes March 23 - March 29?,No,2026-03-24T05:02:19+00:00,2026-03-24T05:02:19+00:00,,open,BUY|97239064965732803737916653862943934113379511151142153646922689736578721118941|2026-03-24T05:02:19+00:00|334,,1,0,1,1,"[""0x68d1b156197fc516c56fc95d325b3716322c3c4d""]","{""0x68d1b156197fc516c56fc95d325b3716322c3c4d"": 98.9}",98.9,98.9,0.0,0.989
90333418833663507979396240989780381246369866417098586969896770172924545078049,1447962,Another 7.0 or above earthquake by...?,Yes,2026-03-24T05:02:49+00:00,2026-03-24T05:09:37+00:00,,open,BUY|90333418833663507979396240989780381246369866417098586969896770172924545078049|2026-03-24T05:02:49+00:00|320,,1,0,3,1,"[""0x68d1b156197fc516c56fc95d325b3716322c3c4d""]","{""0x68d1b156197fc516c56fc95d325b3716322c3c4d"": 100.0}",569.30328,100.0,469.30328,0.9886492316299224
39890597962674457250845749449459665270751867381015505470046259265145192761452,573828,Claude 5 released by…?,No,2026-03-27T13:41:23+00:00,2026-03-27T13:41:23+00:00,,open,BUY|39890597962674457250845749449459665270751867381015505470046259265145192761452|2026-03-27T13:41:23+00:00|153,,1,0,1,1,"[""0x68d1b156197fc516c56fc95d325b3716322c3c4d""]","{""0x68d1b156197fc516c56fc95d325b3716322c3c4d"": 100.0}",480.5,100.0,380.5,0.961
104350916944393444744054368051486958005770291642356585995269688991943235135336,677403,US recognizes Russian sovereignty over Ukraine before 2027?,No,2026-03-27T14:19:59+00:00,2026-03-27T14:19:59+00:00,,open,BUY|104350916944393444744054368051486958005770291642356585995269688991943235135336|2026-03-27T14:19:59+00:00|14,,1,0,1,1,"[""0x312bcca3bc77bdc1d37dc6db5b9c1493de61cafe""]","{""0x312bcca3bc77bdc1d37dc6db5b9c1493de61cafe"": 7.56}",7.56,7.56,0.0,0.7000000000000001
