date,day_end_ts,cumulative_realized_net_usdc,open_mtm_net_usdc,combined_equity_net_usdc,open_positions_count,marked_open_positions_count,mark_coverage_share
2024-08-14,2024-08-14T23:59:59+00:00,0.0,0.0,0.0,1,0,0.0
2024-08-15,2024-08-15T23:59:59+00:00,0.0,0.0,0.0,1,0,0.0
2024-08-16,2024-08-16T23:59:59+00:00,0.0,0.0,0.0,1,0,0.0
2024-08-17,2024-08-17T23:59:59+00:00,0.0,0.0,0.0,1,0,0.0
2024-08-18,2024-08-18T23:59:59+00:00,0.0,0.0,0.0,1,0,0.0
2024-08-19,2024-08-19T23:59:59+00:00,0.0,0.0,0.0,1,0,0.0
2024-08-20,2024-08-20T23:59:59+00:00,0.0,0.0,0.0,2,0,0.0
2024-08-21,2024-08-21T23:59:59+00:00,-84.26054583489041,0.0,-84.26054583489041,1,0,0.0
2024-08-22,2024-08-22T23:59:59+00:00,-84.26054583489041,0.0,-84.26054583489041,4,0,0.0
2024-08-23,2024-08-23T23:59:59+00:00,-179.00816194304514,0.0,-179.00816194304514,4,0,0.0
2024-08-24,2024-08-24T23:59:59+00:00,-83.01610375209412,0.0,-83.01610375209412,5,0,0.0
2024-08-25,2024-08-25T23:59:59+00:00,-83.01610375209412,0.0,-83.01610375209412,5,0,0.0
2024-08-26,2024-08-26T23:59:59+00:00,-83.01610375209412,0.0,-83.01610375209412,5,0,0.0
2024-08-27,2024-08-27T23:59:59+00:00,-83.01610375209412,0.0,-83.01610375209412,5,0,0.0
2024-08-28,2024-08-28T23:59:59+00:00,-83.01610375209412,0.0,-83.01610375209412,5,0,0.0
2024-08-29,2024-08-29T23:59:59+00:00,-84.10781820153878,0.0,-84.10781820153878,4,0,0.0
2024-08-30,2024-08-30T23:59:59+00:00,-84.10781820153878,0.0,-84.10781820153878,4,0,0.0
2024-08-31,2024-08-31T23:59:59+00:00,-84.10781820153878,0.0,-84.10781820153878,4,0,0.0
2024-09-01,2024-09-01T23:59:59+00:00,-84.10781820153878,0.0,-84.10781820153878,4,0,0.0
2024-09-02,2024-09-02T23:59:59+00:00,-84.10781820153878,0.0,-84.10781820153878,4,0,0.0
2024-09-03,2024-09-03T23:59:59+00:00,-84.10781820153878,0.0,-84.10781820153878,4,0,0.0
2024-09-04,2024-09-04T23:59:59+00:00,-84.10781820153878,0.0,-84.10781820153878,4,0,0.0
2024-09-05,2024-09-05T23:59:59+00:00,-84.10781820153878,0.0,-84.10781820153878,4,0,0.0
2024-09-06,2024-09-06T23:59:59+00:00,-84.10781820153878,0.0,-84.10781820153878,4,0,0.0
2024-09-07,2024-09-07T23:59:59+00:00,-84.10781820153878,0.0,-84.10781820153878,4,0,0.0
2024-09-08,2024-09-08T23:59:59+00:00,-84.10781820153878,0.0,-84.10781820153878,4,0,0.0
2024-09-09,2024-09-09T23:59:59+00:00,-84.10781820153878,0.0,-84.10781820153878,9,0,0.0
2024-09-10,2024-09-10T23:59:59+00:00,-84.10781820153878,0.0,-84.10781820153878,9,0,0.0
2024-09-11,2024-09-11T23:59:59+00:00,-84.10781820153878,0.0,-84.10781820153878,9,0,0.0
2024-09-12,2024-09-12T23:59:59+00:00,-84.10781820153878,0.0,-84.10781820153878,9,0,0.0
2024-09-13,2024-09-13T23:59:59+00:00,-84.10781820153878,0.0,-84.10781820153878,9,0,0.0
2024-09-14,2024-09-14T23:59:59+00:00,-84.10781820153878,0.0,-84.10781820153878,9,0,0.0
2024-09-15,2024-09-15T23:59:59+00:00,-84.10781820153878,0.0,-84.10781820153878,9,0,0.0
2024-09-16,2024-09-16T23:59:59+00:00,-84.10781820153878,0.0,-84.10781820153878,9,0,0.0
2024-09-17,2024-09-17T23:59:59+00:00,-84.10781820153878,0.0,-84.10781820153878,9,0,0.0
2024-09-18,2024-09-18T23:59:59+00:00,-84.10781820153878,0.0,-84.10781820153878,9,0,0.0
2024-09-19,2024-09-19T23:59:59+00:00,-84.10781820153878,-43.553595112499906,-127.66141331403868,10,1,0.1
2024-09-20,2024-09-20T23:59:59+00:00,-84.10781820153878,-43.553595112499906,-127.66141331403868,11,1,0.09090909090909091
2024-09-21,2024-09-21T23:59:59+00:00,-84.10781820153878,-43.553595112499906,-127.66141331403868,11,1,0.09090909090909091
2024-09-22,2024-09-22T23:59:59+00:00,-84.10781820153878,-43.553595112499906,-127.66141331403868,11,1,0.09090909090909091
2024-09-23,2024-09-23T23:59:59+00:00,-84.10781820153878,-43.553595112499906,-127.66141331403868,11,1,0.09090909090909091
2024-09-24,2024-09-24T23:59:59+00:00,-84.10781820153878,-43.553595112499906,-127.66141331403868,12,1,0.08333333333333333
2024-09-25,2024-09-25T23:59:59+00:00,-84.10781820153878,-43.553595112499906,-127.66141331403868,12,1,0.08333333333333333
2024-09-26,2024-09-26T23:59:59+00:00,-84.10781820153878,-43.553595112499906,-127.66141331403868,12,1,0.08333333333333333
2024-09-27,2024-09-27T23:59:59+00:00,-84.10781820153878,-43.553595112499906,-127.66141331403868,12,1,0.08333333333333333
2024-09-28,2024-09-28T23:59:59+00:00,-84.10781820153878,-43.553595112499906,-127.66141331403868,12,1,0.08333333333333333
2024-09-29,2024-09-29T23:59:59+00:00,-84.10781820153878,-43.553595112499906,-127.66141331403868,12,1,0.08333333333333333
2024-09-30,2024-09-30T23:59:59+00:00,-84.10781820153878,-43.553595112499906,-127.66141331403868,12,1,0.08333333333333333
2024-10-01,2024-10-01T23:59:59+00:00,-84.10781820153878,-43.553595112499906,-127.66141331403868,12,1,0.08333333333333333
2024-10-02,2024-10-02T23:59:59+00:00,-84.10781820153878,-43.553595112499906,-127.66141331403868,12,1,0.08333333333333333
2024-10-03,2024-10-03T23:59:59+00:00,-84.10781820153878,-43.553595112499906,-127.66141331403868,12,1,0.08333333333333333
2024-10-04,2024-10-04T23:59:59+00:00,-84.10781820153878,-43.553595112499906,-127.66141331403868,12,1,0.08333333333333333
2024-10-05,2024-10-05T23:59:59+00:00,-84.10781820153878,-43.553595112499906,-127.66141331403868,12,1,0.08333333333333333
2024-10-06,2024-10-06T23:59:59+00:00,-84.10781820153878,-43.553595112499906,-127.66141331403868,12,1,0.08333333333333333
2024-10-07,2024-10-07T23:59:59+00:00,-84.10781820153878,-43.553595112499906,-127.66141331403868,12,1,0.08333333333333333
2024-10-08,2024-10-08T23:59:59+00:00,-84.10781820153878,-43.553595112499906,-127.66141331403868,12,1,0.08333333333333333
2024-10-09,2024-10-09T23:59:59+00:00,-412.44020192493645,142.90197772192568,-269.53822420301077,13,3,0.23076923076923078
2024-10-10,2024-10-10T23:59:59+00:00,-412.44020192493645,-188.0257545405744,-600.4659564655109,16,4,0.25
2024-10-11,2024-10-11T23:59:59+00:00,-172.0293145405618,142.90197772192568,-29.127336818636138,19,3,0.15789473684210525
2024-10-12,2024-10-12T23:59:59+00:00,-172.0293145405618,142.90197772192568,-29.127336818636138,19,3,0.15789473684210525
2024-10-13,2024-10-13T23:59:59+00:00,-176.3825707905618,142.90197772192568,-33.480593068636125,22,3,0.13636363636363635
2024-10-14,2024-10-14T23:59:59+00:00,-176.03059570790978,142.90197772192568,-33.12861798598411,23,3,0.13043478260869565
2024-10-15,2024-10-15T23:59:59+00:00,-75.30718194318332,142.90197772192568,67.59479577874235,23,3,0.13043478260869565
2024-10-16,2024-10-16T23:59:59+00:00,-105.97685460224275,127.73219859254311,21.75534399030036,23,4,0.17391304347826086
2024-10-17,2024-10-17T23:59:59+00:00,-105.97685460224275,127.73219859254311,21.75534399030036,23,4,0.17391304347826086
2024-10-18,2024-10-18T23:59:59+00:00,-129.3492489772427,127.73219859254311,-1.6170503846995814,24,4,0.16666666666666666
2024-10-19,2024-10-19T23:59:59+00:00,-182.50634371385263,127.73219859254311,-54.774145121309516,24,4,0.16666666666666666
2024-10-20,2024-10-20T23:59:59+00:00,-182.50634371385263,127.73219859254311,-54.774145121309516,25,4,0.16
2024-10-21,2024-10-21T23:59:59+00:00,-182.50634371385263,127.73219859254311,-54.774145121309516,25,4,0.16
2024-10-22,2024-10-22T23:59:59+00:00,-1365.5582742992071,127.73219859254311,-1237.8260757066641,23,4,0.17391304347826086
2024-10-23,2024-10-23T23:59:59+00:00,-363.7173574283956,127.73219859254311,-235.98515883585247,22,4,0.18181818181818182
2024-10-24,2024-10-24T23:59:59+00:00,-557.1470167517249,127.73219859254311,-429.4148181591818,22,4,0.18181818181818182
2024-10-25,2024-10-25T23:59:59+00:00,-557.1470167517249,127.73219859254311,-429.4148181591818,22,4,0.18181818181818182
2024-10-26,2024-10-26T23:59:59+00:00,816.0748090668075,127.73219859254311,943.8070076593506,22,4,0.18181818181818182
2024-10-27,2024-10-27T23:59:59+00:00,802.8467028168075,127.73219859254311,930.5789014093506,23,4,0.17391304347826086
2024-10-28,2024-10-28T23:59:59+00:00,802.8467028168075,92.43441731910642,895.2811201359139,26,5,0.19230769230769232
2024-10-29,2024-10-29T23:59:59+00:00,802.8467028168075,87.98811544385578,890.8348182606633,27,5,0.18518518518518517
2024-10-30,2024-10-30T23:59:59+00:00,802.8467028168075,87.98811544385578,890.8348182606633,27,5,0.18518518518518517
2024-10-31,2024-10-31T23:59:59+00:00,802.8467028168075,87.98811544385578,890.8348182606633,28,5,0.17857142857142858
2024-11-01,2024-11-01T23:59:59+00:00,802.8467028168075,87.98811544385578,890.8348182606633,28,5,0.17857142857142858
2024-11-02,2024-11-02T23:59:59+00:00,802.8467028168075,87.98811544385578,890.8348182606633,29,5,0.1724137931034483
2024-11-03,2024-11-03T23:59:59+00:00,802.8467028168075,87.98811544385578,890.8348182606633,29,5,0.1724137931034483
2024-11-04,2024-11-04T23:59:59+00:00,837.8790676259684,87.98811544385578,925.8671830698243,28,5,0.17857142857142858
2024-11-05,2024-11-05T23:59:59+00:00,837.8790676259684,84.76116981029368,922.6402374362622,30,6,0.2
2024-11-06,2024-11-06T23:59:59+00:00,3949.1218128249816,84.76116981029368,4033.8829826352753,35,6,0.17142857142857143
2024-11-07,2024-11-07T23:59:59+00:00,3949.1218128249816,84.76116981029368,4033.8829826352753,35,6,0.17142857142857143
2024-11-08,2024-11-08T23:59:59+00:00,3938.6351465777816,84.76116981029368,4023.3963163880753,35,6,0.17142857142857143
2024-11-09,2024-11-09T23:59:59+00:00,3938.6351465777816,84.76116981029368,4023.3963163880753,35,6,0.17142857142857143
2024-11-10,2024-11-10T23:59:59+00:00,3938.6351465777816,84.76116981029368,4023.3963163880753,35,6,0.17142857142857143
2024-11-11,2024-11-11T23:59:59+00:00,3938.6351465777816,84.76116981029368,4023.3963163880753,35,6,0.17142857142857143
2024-11-12,2024-11-12T23:59:59+00:00,3938.6351465777816,65.28004881029372,4003.9151953880755,36,7,0.19444444444444445
2024-11-13,2024-11-13T23:59:59+00:00,3938.6351465777816,65.28004881029372,4003.9151953880755,37,7,0.1891891891891892
2024-11-14,2024-11-14T23:59:59+00:00,3938.6351465777816,65.28004881029372,4003.9151953880755,37,7,0.1891891891891892
2024-11-15,2024-11-15T23:59:59+00:00,3938.6351465777816,65.28004881029372,4003.9151953880755,37,7,0.1891891891891892
2024-11-16,2024-11-16T23:59:59+00:00,3938.6351465777816,65.28004881029372,4003.9151953880755,37,7,0.1891891891891892
2024-11-17,2024-11-17T23:59:59+00:00,3938.6351465777816,65.28004881029372,4003.9151953880755,37,7,0.1891891891891892
2024-11-18,2024-11-18T23:59:59+00:00,3938.6351465777816,65.28004881029372,4003.9151953880755,37,7,0.1891891891891892
2024-11-19,2024-11-19T23:59:59+00:00,3938.6351465777816,65.28004881029372,4003.9151953880755,38,7,0.18421052631578946
2024-11-20,2024-11-20T23:59:59+00:00,3938.6351465777816,65.28004881029372,4003.9151953880755,39,7,0.1794871794871795
2024-11-21,2024-11-21T23:59:59+00:00,3938.6351465777816,65.28004881029372,4003.9151953880755,39,7,0.1794871794871795
2024-11-22,2024-11-22T23:59:59+00:00,3938.6351465777816,-370.1558315404551,3568.4793150373266,40,8,0.2
2024-11-23,2024-11-23T23:59:59+00:00,3938.6351465777816,-370.1558315404551,3568.4793150373266,40,8,0.2
2024-11-24,2024-11-24T23:59:59+00:00,3938.6351465777816,-370.1558315404551,3568.4793150373266,40,8,0.2
2024-11-25,2024-11-25T23:59:59+00:00,3938.6351465777816,-370.1558315404551,3568.4793150373266,40,8,0.2
2024-11-26,2024-11-26T23:59:59+00:00,3938.6351465777816,-370.1558315404551,3568.4793150373266,40,8,0.2
2024-11-27,2024-11-27T23:59:59+00:00,3938.6351465777816,-370.1558315404551,3568.4793150373266,40,8,0.2
2024-11-28,2024-11-28T23:59:59+00:00,3960.488911128121,-370.1558315404551,3590.333079587666,39,8,0.20512820512820512
2024-11-29,2024-11-29T23:59:59+00:00,3960.488911128121,-370.1558315404551,3590.333079587666,39,8,0.20512820512820512
2024-11-30,2024-11-30T23:59:59+00:00,3960.488911128121,-370.1558315404551,3590.333079587666,39,8,0.20512820512820512
2024-12-01,2024-12-01T23:59:59+00:00,2523.2151618002176,-370.1558315404551,2153.0593302597626,39,8,0.20512820512820512
2024-12-02,2024-12-02T23:59:59+00:00,2523.2151618002176,-370.1558315404551,2153.0593302597626,39,8,0.20512820512820512
2024-12-03,2024-12-03T23:59:59+00:00,2523.2151618002176,-370.1558315404551,2153.0593302597626,39,8,0.20512820512820512
2024-12-04,2024-12-04T23:59:59+00:00,2523.2151618002176,-370.1558315404551,2153.0593302597626,39,8,0.20512820512820512
2024-12-05,2024-12-05T23:59:59+00:00,2523.2151618002176,-370.1558315404551,2153.0593302597626,39,8,0.20512820512820512
2024-12-06,2024-12-06T23:59:59+00:00,2523.2151618002176,-370.1558315404551,2153.0593302597626,39,8,0.20512820512820512
2024-12-07,2024-12-07T23:59:59+00:00,3950.1507087311907,-370.1558315404551,3579.9948771907357,39,8,0.20512820512820512
2024-12-08,2024-12-08T23:59:59+00:00,3950.1507087311907,-370.1558315404551,3579.9948771907357,41,8,0.1951219512195122
2024-12-09,2024-12-09T23:59:59+00:00,3950.1507087311907,-370.1558315404551,3579.9948771907357,41,8,0.1951219512195122
2024-12-10,2024-12-10T23:59:59+00:00,3950.1507087311907,-370.1558315404551,3579.9948771907357,42,8,0.19047619047619047
2024-12-11,2024-12-11T23:59:59+00:00,3950.1507087311907,-370.1558315404551,3579.9948771907357,42,8,0.19047619047619047
2024-12-12,2024-12-12T23:59:59+00:00,5854.282336890277,-370.1558315404551,5484.126505349822,41,8,0.1951219512195122
2024-12-13,2024-12-13T23:59:59+00:00,5854.282336890277,-370.1558315404551,5484.126505349822,41,8,0.1951219512195122
2024-12-14,2024-12-14T23:59:59+00:00,5854.282336890277,-371.0448315404551,5483.237505349822,43,9,0.20930232558139536
2024-12-15,2024-12-15T23:59:59+00:00,5854.282336890277,-428.2200650060797,5426.062271884198,45,11,0.24444444444444444
2024-12-16,2024-12-16T23:59:59+00:00,5854.282336890277,-428.2200650060797,5426.062271884198,45,11,0.24444444444444444
2024-12-17,2024-12-17T23:59:59+00:00,6104.4047238353405,-428.2200650060797,5676.184658829261,44,11,0.25
2024-12-18,2024-12-18T23:59:59+00:00,6104.4047238353405,-428.2200650060797,5676.184658829261,44,11,0.25
2024-12-19,2024-12-19T23:59:59+00:00,6104.4047238353405,-428.2200650060797,5676.184658829261,44,11,0.25
2024-12-20,2024-12-20T23:59:59+00:00,6104.4047238353405,-517.5047710837932,5586.899952751547,45,12,0.26666666666666666
2024-12-21,2024-12-21T23:59:59+00:00,6104.4047238353405,-517.5047710837932,5586.899952751547,46,12,0.2608695652173913
2024-12-22,2024-12-22T23:59:59+00:00,6104.4047238353405,-517.5047710837932,5586.899952751547,46,12,0.2608695652173913
2024-12-23,2024-12-23T23:59:59+00:00,6104.4047238353405,-517.5047710837932,5586.899952751547,46,12,0.2608695652173913
2024-12-24,2024-12-24T23:59:59+00:00,6104.4047238353405,-517.5047710837932,5586.899952751547,46,12,0.2608695652173913
2024-12-25,2024-12-25T23:59:59+00:00,6104.4047238353405,-517.5047710837932,5586.899952751547,46,12,0.2608695652173913
2024-12-26,2024-12-26T23:59:59+00:00,6104.4047238353405,-517.5047710837932,5586.899952751547,46,12,0.2608695652173913
2024-12-27,2024-12-27T23:59:59+00:00,6104.4047238353405,-517.5047710837932,5586.899952751547,46,12,0.2608695652173913
2024-12-28,2024-12-28T23:59:59+00:00,6104.4047238353405,-534.9311139862298,5569.47360984911,47,13,0.2765957446808511
2024-12-29,2024-12-29T23:59:59+00:00,6104.4047238353405,-534.9311139862298,5569.47360984911,47,13,0.2765957446808511
2024-12-30,2024-12-30T23:59:59+00:00,6413.303726163178,-517.5047710837932,5895.7989550793845,46,12,0.2608695652173913
2024-12-31,2024-12-31T23:59:59+00:00,6413.303726163178,-517.5047710837932,5895.7989550793845,46,12,0.2608695652173913
2025-01-01,2025-01-01T23:59:59+00:00,6413.303726163178,-517.5047710837932,5895.7989550793845,46,12,0.2608695652173913
2025-01-02,2025-01-02T23:59:59+00:00,6422.430851163178,-502.8989230487548,5919.531928114423,46,12,0.2608695652173913
2025-01-03,2025-01-03T23:59:59+00:00,6422.430851163178,-502.8989230487548,5919.531928114423,46,12,0.2608695652173913
2025-01-04,2025-01-04T23:59:59+00:00,6422.430851163178,-525.7962702487547,5896.634580914423,47,13,0.2765957446808511
2025-01-05,2025-01-05T23:59:59+00:00,6422.430851163178,-553.2567292537406,5869.174121909437,48,14,0.2916666666666667
2025-01-06,2025-01-06T23:59:59+00:00,7757.410476101292,-566.9735772887791,7190.436898812513,47,13,0.2765957446808511
2025-01-07,2025-01-07T23:59:59+00:00,7757.410476101292,-1001.2245782643183,6756.185897836974,48,14,0.2916666666666667
2025-01-08,2025-01-08T23:59:59+00:00,10784.346107987105,-639.901408888779,10144.444699098325,49,14,0.2857142857142857
2025-01-09,2025-01-09T23:59:59+00:00,10784.346107987105,-639.901408888779,10144.444699098325,49,14,0.2857142857142857
2025-01-10,2025-01-10T23:59:59+00:00,10784.346107987105,-639.901408888779,10144.444699098325,49,14,0.2857142857142857
2025-01-11,2025-01-11T23:59:59+00:00,10784.346107987105,-643.816221388779,10140.529886598326,50,15,0.3
2025-01-12,2025-01-12T23:59:59+00:00,11019.895074184858,-643.816221388779,10376.07885279608,49,15,0.30612244897959184
2025-01-13,2025-01-13T23:59:59+00:00,11019.895074184858,-643.816221388779,10376.07885279608,50,15,0.3
2025-01-14,2025-01-14T23:59:59+00:00,11019.895074184858,-643.816221388779,10376.07885279608,53,15,0.2830188679245283
2025-01-15,2025-01-15T23:59:59+00:00,11019.895074184858,-703.1620239201916,10316.733050264667,54,16,0.2962962962962963
2025-01-16,2025-01-16T23:59:59+00:00,11019.895074184858,-687.664090220276,10332.230983964582,54,16,0.2962962962962963
2025-01-17,2025-01-17T23:59:59+00:00,11019.895074184858,-633.3950946705712,10386.499979514287,56,17,0.30357142857142855
2025-01-18,2025-01-18T23:59:59+00:00,11019.895074184858,-633.3950946705712,10386.499979514287,56,17,0.30357142857142855
2025-01-19,2025-01-19T23:59:59+00:00,11019.895074184858,-633.3950946705712,10386.499979514287,57,17,0.2982456140350877
2025-01-20,2025-01-20T23:59:59+00:00,11825.139273563074,-692.1578447549135,11132.981428808162,58,19,0.3275862068965517
2025-01-21,2025-01-21T23:59:59+00:00,13378.851200241874,-595.8182703445133,12783.032929897361,56,17,0.30357142857142855
2025-01-22,2025-01-22T23:59:59+00:00,13378.851200241874,-595.8182703445133,12783.032929897361,56,17,0.30357142857142855
2025-01-23,2025-01-23T23:59:59+00:00,13378.851200241874,-627.9839874992684,12750.867212742605,58,18,0.3103448275862069
2025-01-24,2025-01-24T23:59:59+00:00,13378.851200241874,-2275.2087273992684,11103.642472842606,60,19,0.31666666666666665
2025-01-25,2025-01-25T23:59:59+00:00,13378.851200241874,-2291.179914899268,11087.671285342605,64,21,0.328125
2025-01-26,2025-01-26T23:59:59+00:00,13378.851200241874,-2291.179914899268,11087.671285342605,64,21,0.328125
2025-01-27,2025-01-27T23:59:59+00:00,13378.851200241874,-2291.179914899268,11087.671285342605,64,21,0.328125
2025-01-28,2025-01-28T23:59:59+00:00,13378.851200241874,-2291.179914899268,11087.671285342605,64,21,0.328125
2025-01-29,2025-01-29T23:59:59+00:00,13378.851200241874,-2291.179914899268,11087.671285342605,64,21,0.328125
2025-01-30,2025-01-30T23:59:59+00:00,13378.851200241874,-2291.179914899268,11087.671285342605,64,21,0.328125
2025-01-31,2025-01-31T23:59:59+00:00,13378.851200241874,-2291.179914899268,11087.671285342605,65,21,0.3230769230769231
2025-02-01,2025-02-01T23:59:59+00:00,13378.851200241874,-2291.179914899268,11087.671285342605,65,21,0.3230769230769231
2025-02-02,2025-02-02T23:59:59+00:00,13378.851200241874,-2291.179914899268,11087.671285342605,69,21,0.30434782608695654
2025-02-03,2025-02-03T23:59:59+00:00,13685.966975586023,-2268.2825676992684,11417.684407886754,69,20,0.2898550724637681
2025-02-04,2025-02-04T23:59:59+00:00,13667.757080586023,-2563.271699711768,11104.485380874255,72,23,0.3194444444444444
2025-02-05,2025-02-05T23:59:59+00:00,13667.757080586023,-2563.271699711768,11104.485380874255,72,23,0.3194444444444444
2025-02-06,2025-02-06T23:59:59+00:00,13834.58781845999,-2563.271699711768,11271.316118748222,71,23,0.323943661971831
2025-02-07,2025-02-07T23:59:59+00:00,13834.58781845999,-2563.271699711768,11271.316118748222,72,23,0.3194444444444444
2025-02-08,2025-02-08T23:59:59+00:00,13834.58781845999,-2563.271699711768,11271.316118748222,72,23,0.3194444444444444
2025-02-09,2025-02-09T23:59:59+00:00,13834.58781845999,-2613.795074711768,11220.792743748221,73,24,0.3287671232876712
2025-02-10,2025-02-10T23:59:59+00:00,13834.58781845999,-2613.795074711768,11220.792743748221,73,24,0.3287671232876712
2025-02-11,2025-02-11T23:59:59+00:00,13834.58781845999,-2613.795074711768,11220.792743748221,73,24,0.3287671232876712
2025-02-12,2025-02-12T23:59:59+00:00,13834.58781845999,-2613.795074711768,11220.792743748221,74,24,0.32432432432432434
2025-02-13,2025-02-13T23:59:59+00:00,13834.58781845999,-2588.1449656651675,11246.442852794822,76,25,0.32894736842105265
2025-02-14,2025-02-14T23:59:59+00:00,13834.58781845999,-2588.1449656651675,11246.442852794822,76,25,0.32894736842105265
2025-02-15,2025-02-15T23:59:59+00:00,13834.58781845999,-2588.1449656651675,11246.442852794822,76,25,0.32894736842105265
2025-02-16,2025-02-16T23:59:59+00:00,13834.58781845999,-2588.1449656651675,11246.442852794822,76,25,0.32894736842105265
2025-02-17,2025-02-17T23:59:59+00:00,13834.58781845999,-2588.1449656651675,11246.442852794822,76,25,0.32894736842105265
2025-02-18,2025-02-18T23:59:59+00:00,13834.58781845999,-2588.1449656651675,11246.442852794822,79,25,0.31645569620253167
2025-02-19,2025-02-19T23:59:59+00:00,13834.58781845999,-2588.1449656651675,11246.442852794822,79,25,0.31645569620253167
2025-02-20,2025-02-20T23:59:59+00:00,13834.58781845999,-2588.1449656651675,11246.442852794822,80,25,0.3125
2025-02-21,2025-02-21T23:59:59+00:00,17094.213646242417,-2586.2697070814556,14507.943939160961,81,26,0.32098765432098764
2025-02-22,2025-02-22T23:59:59+00:00,17110.77239828334,-2820.1766537975136,14290.595744485829,80,27,0.3375
2025-02-23,2025-02-23T23:59:59+00:00,17056.012047072272,-2820.1766537975136,14235.83539327476,81,27,0.3333333333333333
2025-02-24,2025-02-24T23:59:59+00:00,17056.012047072272,-2820.1766537975136,14235.83539327476,81,27,0.3333333333333333
2025-02-25,2025-02-25T23:59:59+00:00,17056.012047072272,-2820.1766537975136,14235.83539327476,84,27,0.32142857142857145
2025-02-26,2025-02-26T23:59:59+00:00,17056.012047072272,-2820.1766537975136,14235.83539327476,84,27,0.32142857142857145
2025-02-27,2025-02-27T23:59:59+00:00,17056.012047072272,-2820.1766537975136,14235.83539327476,85,27,0.3176470588235294
2025-02-28,2025-02-28T23:59:59+00:00,18671.52683155404,-2719.859971910014,15951.666859644029,83,26,0.3132530120481928
2025-03-01,2025-03-01T23:59:59+00:00,18654.41681910428,-2721.735230493726,15932.681588610554,81,25,0.30864197530864196
2025-03-02,2025-03-02T23:59:59+00:00,18938.46433931424,-2721.735230493726,16216.729108820513,81,25,0.30864197530864196
2025-03-03,2025-03-03T23:59:59+00:00,18938.46433931424,-2721.735230493726,16216.729108820513,81,25,0.30864197530864196
2025-03-04,2025-03-04T23:59:59+00:00,18938.46433931424,-2721.735230493726,16216.729108820513,83,25,0.30120481927710846
2025-03-05,2025-03-05T23:59:59+00:00,18895.159772436065,-2721.735230493726,16173.424541942339,83,25,0.30120481927710846
2025-03-06,2025-03-06T23:59:59+00:00,18895.159772436065,-2721.735230493726,16173.424541942339,83,25,0.30120481927710846
2025-03-07,2025-03-07T23:59:59+00:00,19024.653390879215,-2721.735230493726,16302.918160385489,83,25,0.30120481927710846
2025-03-08,2025-03-08T23:59:59+00:00,19024.653390879215,-2721.735230493726,16302.918160385489,83,25,0.30120481927710846
2025-03-09,2025-03-09T23:59:59+00:00,19024.653390879215,-2721.735230493726,16302.918160385489,86,25,0.29069767441860467
2025-03-10,2025-03-10T23:59:59+00:00,19026.104563525347,-2721.735230493726,16304.36933303162,86,25,0.29069767441860467
2025-03-11,2025-03-11T23:59:59+00:00,18986.069001674652,-2721.735230493726,16264.333771180925,85,25,0.29411764705882354
2025-03-12,2025-03-12T23:59:59+00:00,17690.974252768738,-2721.735230493726,14969.239022275011,85,25,0.29411764705882354
2025-03-13,2025-03-13T23:59:59+00:00,17686.649591496785,-2721.735230493726,14964.914361003059,86,25,0.29069767441860467
2025-03-14,2025-03-14T23:59:59+00:00,17774.20874594141,-2725.8377304937258,15048.371015447685,88,26,0.29545454545454547
2025-03-15,2025-03-15T23:59:59+00:00,17774.20874594141,-2725.8377304937258,15048.371015447685,89,26,0.29213483146067415
2025-03-16,2025-03-16T23:59:59+00:00,17774.20874594141,-2725.8377304937258,15048.371015447685,91,26,0.2857142857142857
2025-03-17,2025-03-17T23:59:59+00:00,17774.20874594141,-2725.8377304937258,15048.371015447685,92,26,0.2826086956521739
2025-03-18,2025-03-18T23:59:59+00:00,18261.453599663237,-2725.8377304937258,15535.615869169511,91,26,0.2857142857142857
2025-03-19,2025-03-19T23:59:59+00:00,18246.589255913237,-2725.8377304937258,15520.751525419511,94,26,0.2765957446808511
2025-03-20,2025-03-20T23:59:59+00:00,18246.589255913237,-1269.0429197892427,16977.546336123996,96,27,0.28125
2025-03-21,2025-03-21T23:59:59+00:00,18246.589255913237,-1509.0096071596029,16737.579648753635,99,27,0.2727272727272727
2025-03-22,2025-03-22T23:59:59+00:00,18246.589255913237,-1668.9873987398428,16577.601857173395,100,27,0.27
2025-03-23,2025-03-23T23:59:59+00:00,18246.589255913237,-1369.0290395268928,16877.560216386344,104,27,0.25961538461538464
2025-03-24,2025-03-24T23:59:59+00:00,18231.792068413237,-1269.0429197892427,16962.749148623996,103,27,0.2621359223300971
2025-03-25,2025-03-25T23:59:59+00:00,18235.488898042386,-3892.6787017051765,14342.81019633721,103,27,0.2621359223300971
2025-03-26,2025-03-26T23:59:59+00:00,18235.488898042386,-3888.6792569156705,14346.809641126714,103,27,0.2621359223300971
2025-03-27,2025-03-27T23:59:59+00:00,18058.901516246333,-3888.6792569156705,14170.222259330661,103,27,0.2621359223300971
2025-03-28,2025-03-28T23:59:59+00:00,18091.54804175026,-3888.6792569156705,14202.868784834587,102,27,0.2647058823529412
2025-03-29,2025-03-29T23:59:59+00:00,18091.54804175026,-3888.6792569156705,14202.868784834587,103,27,0.2621359223300971
2025-03-30,2025-03-30T23:59:59+00:00,18093.438378992134,-3888.6792569156705,14204.759122076463,104,27,0.25961538461538464
2025-03-31,2025-03-31T23:59:59+00:00,18093.438378992134,-3888.6792569156705,14204.759122076463,105,27,0.2571428571428571
2025-04-01,2025-04-01T23:59:59+00:00,18093.438378992134,-3888.6792569156705,14204.759122076463,105,27,0.2571428571428571
2025-04-02,2025-04-02T23:59:59+00:00,18086.95581148783,-3888.6792569156705,14198.27655457216,104,27,0.25961538461538464
2025-04-03,2025-04-03T23:59:59+00:00,18123.971184532933,-3888.6792569156705,14235.291927617262,106,27,0.25471698113207547
2025-04-04,2025-04-04T23:59:59+00:00,18123.971184532933,-3888.6792569156705,14235.291927617262,106,27,0.25471698113207547
2025-04-05,2025-04-05T23:59:59+00:00,18123.971184532933,-3888.6792569156705,14235.291927617262,106,27,0.25471698113207547
2025-04-06,2025-04-06T23:59:59+00:00,18123.971184532933,-3888.6792569156705,14235.291927617262,106,27,0.25471698113207547
2025-04-07,2025-04-07T23:59:59+00:00,18092.767885869813,-3888.6792569156705,14204.088628954141,107,27,0.2523364485981308
2025-04-08,2025-04-08T23:59:59+00:00,18154.056564247185,-3888.6792569156705,14265.377307331513,106,27,0.25471698113207547
2025-04-09,2025-04-09T23:59:59+00:00,18142.021439600485,-3888.6792569156705,14253.342182684813,106,27,0.25471698113207547
2025-04-10,2025-04-10T23:59:59+00:00,18239.16781267866,-3888.6792569156705,14350.48855576299,104,27,0.25961538461538464
2025-04-11,2025-04-11T23:59:59+00:00,18239.16781267866,-3888.6792569156705,14350.48855576299,106,27,0.25471698113207547
2025-04-12,2025-04-12T23:59:59+00:00,18260.888058228662,-3888.6792569156705,14372.20880131299,106,27,0.25471698113207547
2025-04-13,2025-04-13T23:59:59+00:00,18257.966221356273,-3888.6792569156705,14369.286964440602,110,27,0.24545454545454545
2025-04-14,2025-04-14T23:59:59+00:00,18747.008692762418,-3888.6792569156705,14858.329435846746,109,27,0.24770642201834864
2025-04-15,2025-04-15T23:59:59+00:00,18898.47231392187,-3888.6792569156705,15009.793057006198,108,27,0.25
2025-04-16,2025-04-16T23:59:59+00:00,18974.039903948542,-3888.6792569156705,15085.36064703287,107,27,0.2523364485981308
2025-04-17,2025-04-17T23:59:59+00:00,18953.985195142406,-3984.3323890117736,14969.652806130633,109,28,0.25688073394495414
2025-04-18,2025-04-18T23:59:59+00:00,18953.985195142406,-3853.37629893166,15100.608896210746,111,28,0.25225225225225223
2025-04-19,2025-04-19T23:59:59+00:00,18947.656353075272,-3888.633707799383,15059.022645275889,111,28,0.25225225225225223
2025-04-20,2025-04-20T23:59:59+00:00,18947.656353075272,-3908.780798580939,15038.875554494332,111,28,0.25225225225225223
2025-04-21,2025-04-21T23:59:59+00:00,18804.45526557527,-3727.456981546936,15076.998284028334,110,28,0.2545454545454545
2025-04-22,2025-04-22T23:59:59+00:00,18872.74651557527,-3757.6776177192696,15115.068897856,109,28,0.25688073394495414
2025-04-23,2025-04-23T23:59:59+00:00,19077.22363678592,-3888.6792569156705,15188.544379870247,108,27,0.25
2025-04-24,2025-04-24T23:59:59+00:00,19083.431733904992,-3861.2198693440537,15222.211864560939,110,29,0.2636363636363636
2025-04-25,2025-04-25T23:59:59+00:00,19083.431733904992,-4289.695680437567,14793.736053467426,110,29,0.2636363636363636
2025-04-26,2025-04-26T23:59:59+00:00,19083.431733904992,-4289.695680437567,14793.736053467426,110,29,0.2636363636363636
2025-04-27,2025-04-27T23:59:59+00:00,19083.431733904992,-4289.695680437567,14793.736053467426,110,29,0.2636363636363636
2025-04-28,2025-04-28T23:59:59+00:00,19106.05902016249,-4289.695680437567,14816.363339724925,110,29,0.2636363636363636
2025-04-29,2025-04-29T23:59:59+00:00,19112.07541089865,-4289.695680437567,14822.379730461085,111,29,0.26126126126126126
2025-04-30,2025-04-30T23:59:59+00:00,18992.181652832714,-4250.2545344860755,14741.927118346639,111,28,0.25225225225225223
2025-05-01,2025-05-01T23:59:59+00:00,18987.957277832713,-4250.2545344860755,14737.702743346637,111,28,0.25225225225225223
2025-05-02,2025-05-02T23:59:59+00:00,18987.957277832713,-4250.2545344860755,14737.702743346637,111,28,0.25225225225225223
2025-05-03,2025-05-03T23:59:59+00:00,18987.957277832713,-4250.2545344860755,14737.702743346637,112,28,0.25
2025-05-04,2025-05-04T23:59:59+00:00,19826.585251043187,-4250.2545344860755,15576.330716557111,115,28,0.24347826086956523
2025-05-05,2025-05-05T23:59:59+00:00,19847.710148051185,-4250.2545344860755,15597.45561356511,116,28,0.2413793103448276
2025-05-06,2025-05-06T23:59:59+00:00,19847.710148051185,-4250.2545344860755,15597.45561356511,116,28,0.2413793103448276
2025-05-07,2025-05-07T23:59:59+00:00,19870.786591164997,-4250.2545344860755,15620.532056678921,115,28,0.24347826086956523
2025-05-08,2025-05-08T23:59:59+00:00,21990.888430768395,-4250.2545344860755,17740.63389628232,115,28,0.24347826086956523
2025-05-09,2025-05-09T23:59:59+00:00,21990.888430768395,-4270.789942347024,17720.09848842137,117,29,0.24786324786324787
2025-05-10,2025-05-10T23:59:59+00:00,21990.888430768395,-4270.789942347024,17720.09848842137,117,29,0.24786324786324787
2025-05-11,2025-05-11T23:59:59+00:00,21990.888430768395,-4270.789942347024,17720.09848842137,118,29,0.2457627118644068
2025-05-12,2025-05-12T23:59:59+00:00,21990.888430768395,-4270.789942347024,17720.09848842137,119,29,0.24369747899159663
2025-05-13,2025-05-13T23:59:59+00:00,21990.888430768395,-4270.789942347024,17720.09848842137,121,29,0.2396694214876033
2025-05-14,2025-05-14T23:59:59+00:00,21990.888430768395,-4270.789942347024,17720.09848842137,124,29,0.23387096774193547
2025-05-15,2025-05-15T23:59:59+00:00,22179.040373164455,-4270.789942347024,17908.250430817432,122,29,0.23770491803278687
2025-05-16,2025-05-16T23:59:59+00:00,22179.040373164455,-4270.789942347024,17908.250430817432,123,29,0.23577235772357724
2025-05-17,2025-05-17T23:59:59+00:00,22158.609394715117,-4270.789942347024,17887.819452368094,123,29,0.23577235772357724
2025-05-18,2025-05-18T23:59:59+00:00,22018.84415895151,-5012.505534664343,17006.338624287167,125,30,0.24
2025-05-19,2025-05-19T23:59:59+00:00,22018.84415895151,-5012.505534664343,17006.338624287167,125,30,0.24
2025-05-20,2025-05-20T23:59:59+00:00,22035.89489645151,-5012.505534664343,17023.38936178717,124,30,0.24193548387096775
2025-05-21,2025-05-21T23:59:59+00:00,22027.994016134384,-5012.505534664343,17015.48848147004,125,30,0.24
2025-05-22,2025-05-22T23:59:59+00:00,22150.913833798542,-5012.505534664343,17138.4082991342,125,30,0.24
2025-05-23,2025-05-23T23:59:59+00:00,23101.222218598483,-5012.505534664343,18088.71668393414,126,30,0.23809523809523808
2025-05-24,2025-05-24T23:59:59+00:00,23051.13611125569,-5012.505534664343,18038.63057659135,125,30,0.24
2025-05-25,2025-05-25T23:59:59+00:00,23047.095733902883,-5012.505534664343,18034.59019923854,126,30,0.23809523809523808
2025-05-26,2025-05-26T23:59:59+00:00,23045.40819187088,-5014.019134664343,18031.389057206536,127,31,0.2440944881889764
2025-05-27,2025-05-27T23:59:59+00:00,23045.40819187088,-5014.019134664343,18031.389057206536,127,31,0.2440944881889764
2025-05-28,2025-05-28T23:59:59+00:00,23116.210993728,-5014.019134664343,18102.191859063656,126,31,0.24603174603174602
2025-05-29,2025-05-29T23:59:59+00:00,23098.74185066047,-5014.019134664343,18084.722715996126,125,31,0.248
2025-05-30,2025-05-30T23:59:59+00:00,23087.40609517443,-5014.019134664343,18073.386960510084,124,31,0.25
2025-05-31,2025-05-31T23:59:59+00:00,23087.40609517443,-5014.019134664343,18073.386960510084,125,31,0.248
2025-06-01,2025-06-01T23:59:59+00:00,23503.758421666815,-4993.483726803394,18510.27469486342,126,30,0.23809523809523808
2025-06-02,2025-06-02T23:59:59+00:00,23507.08042092268,-4993.483726803394,18513.596694119286,125,30,0.24
2025-06-03,2025-06-03T23:59:59+00:00,23507.08042092268,-4993.483726803394,18513.596694119286,127,30,0.23622047244094488
2025-06-04,2025-06-04T23:59:59+00:00,23507.08042092268,-4993.483726803394,18513.596694119286,141,30,0.2127659574468085
2025-06-05,2025-06-05T23:59:59+00:00,23537.301662002646,-4993.483726803394,18543.81793519925,147,30,0.20408163265306123
2025-06-06,2025-06-06T23:59:59+00:00,23537.301662002646,-4993.483726803394,18543.81793519925,149,30,0.20134228187919462
2025-06-07,2025-06-07T23:59:59+00:00,23537.301662002646,-4993.483726803394,18543.81793519925,149,30,0.20134228187919462
2025-06-08,2025-06-08T23:59:59+00:00,23537.301662002646,-4993.483726803394,18543.81793519925,150,30,0.2
2025-06-09,2025-06-09T23:59:59+00:00,23545.391426519058,-4993.483726803394,18551.907699715663,149,30,0.20134228187919462
2025-06-10,2025-06-10T23:59:59+00:00,23545.391426519058,-4993.483726803394,18551.907699715663,151,30,0.1986754966887417
2025-06-11,2025-06-11T23:59:59+00:00,23491.614959096805,-4993.483726803394,18498.13123229341,155,30,0.1935483870967742
2025-06-12,2025-06-12T23:59:59+00:00,23409.716176084847,-4996.289491240895,18413.42668484395,160,31,0.19375
2025-06-13,2025-06-13T23:59:59+00:00,23393.189635859224,-5229.5584911733495,18163.631144685874,163,32,0.19631901840490798
2025-06-14,2025-06-14T23:59:59+00:00,24606.48641191365,-5549.873975038636,19056.612436875017,172,33,0.19186046511627908
2025-06-15,2025-06-15T23:59:59+00:00,24617.88458551365,-5549.873975038636,19068.010610475016,180,33,0.18333333333333332
2025-06-16,2025-06-16T23:59:59+00:00,24617.88458551365,-5549.873975038636,19068.010610475016,185,33,0.1783783783783784
2025-06-17,2025-06-17T23:59:59+00:00,24649.1324455506,-5549.873975038636,19099.258470511966,190,33,0.1736842105263158
2025-06-18,2025-06-18T23:59:59+00:00,25073.78847922458,-5549.873975038636,19523.914504185945,200,33,0.165
2025-06-19,2025-06-19T23:59:59+00:00,25036.89157529157,-5553.139198786259,19483.752376505312,209,34,0.16267942583732056
2025-06-20,2025-06-20T23:59:59+00:00,24236.246147488975,-5553.139198786259,18683.106948702716,210,34,0.1619047619047619
2025-06-21,2025-06-21T23:59:59+00:00,24134.604823527243,-5553.139198786259,18581.465624740984,213,34,0.1596244131455399
2025-06-22,2025-06-22T23:59:59+00:00,24908.863542905703,-5636.837720873758,19272.025822031945,216,35,0.16203703703703703
2025-06-23,2025-06-23T23:59:59+00:00,24942.48668753679,-5636.837720873758,19305.648966663033,219,35,0.1598173515981735
2025-06-24,2025-06-24T23:59:59+00:00,24815.622920493723,-5823.392473743031,18992.23044675069,221,36,0.16289592760180996
2025-06-25,2025-06-25T23:59:59+00:00,25306.319059078833,-5823.392473743031,19482.9265853358,230,36,0.1565217391304348
2025-06-26,2025-06-26T23:59:59+00:00,23607.081844669086,-6068.229392363993,17538.852452305095,231,37,0.16017316017316016
2025-06-27,2025-06-27T23:59:59+00:00,23568.32062240918,-6068.229392363993,17500.09123004519,233,37,0.15879828326180256
2025-06-28,2025-06-28T23:59:59+00:00,23568.32062240918,-6015.779065896352,17552.541556512828,236,38,0.16101694915254236
2025-06-29,2025-06-29T23:59:59+00:00,23568.32062240918,-5905.833561990014,17662.487060419167,238,39,0.1638655462184874
2025-06-30,2025-06-30T23:59:59+00:00,24657.71376147118,-5593.941217264143,19063.772544207037,244,38,0.1557377049180328
2025-07-01,2025-07-01T23:59:59+00:00,24969.003362725467,-6198.439214110021,18770.564148615445,250,39,0.156
2025-07-02,2025-07-02T23:59:59+00:00,25050.66442645877,-6219.82529204912,18830.83913440965,252,39,0.15476190476190477
2025-07-03,2025-07-03T23:59:59+00:00,25005.78057020877,-6219.90529204912,18785.875278159652,259,39,0.15057915057915058
2025-07-04,2025-07-04T23:59:59+00:00,25011.300897817247,-6220.06529204912,18791.235605768128,260,39,0.15
2025-07-05,2025-07-05T23:59:59+00:00,25011.300897817247,-6220.225292049121,18791.07560576813,261,39,0.14942528735632185
2025-07-06,2025-07-06T23:59:59+00:00,25081.259563594085,-6219.7052920491205,18861.554271544963,261,39,0.14942528735632185
2025-07-07,2025-07-07T23:59:59+00:00,24898.822826753752,-6219.305292049121,18679.51753470463,263,39,0.1482889733840304
2025-07-08,2025-07-08T23:59:59+00:00,24875.148861626596,-6205.735027292088,18669.413834334508,270,40,0.14814814814814814
2025-07-09,2025-07-09T23:59:59+00:00,25061.310037383,-6234.696051667087,18826.61398571591,275,41,0.14909090909090908
2025-07-10,2025-07-10T23:59:59+00:00,25061.310037383,-6214.202897415312,18847.107139967688,279,43,0.15412186379928317
2025-07-11,2025-07-11T23:59:59+00:00,25078.365787382998,-6213.772209915312,18864.593577467687,293,44,0.15017064846416384
2025-07-12,2025-07-12T23:59:59+00:00,25174.659530710516,-6226.254904629874,18948.404626080643,296,47,0.15878378378378377
2025-07-13,2025-07-13T23:59:59+00:00,25174.659530710516,-6226.254904629874,18948.404626080643,296,47,0.15878378378378377
2025-07-14,2025-07-14T23:59:59+00:00,25209.991508283667,-6226.254904629874,18983.736603653793,297,47,0.15824915824915825
2025-07-15,2025-07-15T23:59:59+00:00,26018.111511035415,-6089.91361970178,19928.197891333635,296,45,0.15202702702702703
2025-07-16,2025-07-16T23:59:59+00:00,26939.620581710806,-6089.91361970178,20849.706962009026,297,45,0.15151515151515152
2025-07-17,2025-07-17T23:59:59+00:00,26939.620581710806,-6089.91361970178,20849.706962009026,300,45,0.15
2025-07-18,2025-07-18T23:59:59+00:00,26931.530312117942,-6089.91361970178,20841.616692416163,301,45,0.14950166112956811
2025-07-19,2025-07-19T23:59:59+00:00,26983.096344832986,-6089.91361970178,20893.182725131206,300,45,0.15
2025-07-20,2025-07-20T23:59:59+00:00,27044.411844832983,-6089.91361970178,20954.498225131203,302,45,0.1490066225165563
2025-07-21,2025-07-21T23:59:59+00:00,28018.224760806384,-6060.952595326779,21957.272165479604,301,44,0.1461794019933555
2025-07-22,2025-07-22T23:59:59+00:00,27986.654978979594,-6060.952595326779,21925.702383652813,313,44,0.14057507987220447
2025-07-23,2025-07-23T23:59:59+00:00,27986.654978979594,-6060.952595326779,21925.702383652813,315,44,0.13968253968253969
2025-07-24,2025-07-24T23:59:59+00:00,28013.547918782093,-6025.664102488451,21987.88381629364,341,46,0.1348973607038123
2025-07-25,2025-07-25T23:59:59+00:00,28306.849838235066,-6025.664102488451,22281.185735746614,345,46,0.13333333333333333
2025-07-26,2025-07-26T23:59:59+00:00,28673.838152601795,-6025.664102488451,22648.174050113343,345,46,0.13333333333333333
2025-07-27,2025-07-27T23:59:59+00:00,28673.838152601795,-6408.19635376074,22265.641798841054,349,47,0.1346704871060172
2025-07-28,2025-07-28T23:59:59+00:00,28582.42965138117,-6378.608037933897,22203.821613447275,354,47,0.1327683615819209
2025-07-29,2025-07-29T23:59:59+00:00,28582.42965138117,-6378.608037933897,22203.821613447275,359,47,0.1309192200557103
2025-07-30,2025-07-30T23:59:59+00:00,28681.143430670672,-6378.37829095871,22302.765139711963,361,46,0.12742382271468145
2025-07-31,2025-07-31T23:59:59+00:00,29398.395527927692,-6390.160861120585,23008.234666807108,360,47,0.13055555555555556
2025-08-01,2025-08-01T23:59:59+00:00,29349.56640116295,-6390.160861120585,22959.405540042364,361,47,0.13019390581717452
2025-08-02,2025-08-02T23:59:59+00:00,29226.63262061479,-4365.420222368489,24861.2123982463,362,49,0.13535911602209943
2025-08-03,2025-08-03T23:59:59+00:00,28284.87336561581,-4417.471886409575,23867.401479206237,367,49,0.1335149863760218
2025-08-04,2025-08-04T23:59:59+00:00,28297.00934189609,-7800.830049080137,20496.179292815952,373,49,0.13136729222520108
2025-08-05,2025-08-05T23:59:59+00:00,28583.709134289387,-7436.468400792538,21147.24073349685,381,49,0.12860892388451445
2025-08-06,2025-08-06T23:59:59+00:00,28667.967939621107,-5485.45759878913,23182.510340831977,386,49,0.12694300518134716
2025-08-07,2025-08-07T23:59:59+00:00,27914.327191535074,-9958.406226322488,17955.920965212586,392,48,0.12244897959183673
2025-08-08,2025-08-08T23:59:59+00:00,27914.327191535074,-9646.096242075975,18268.2309494591,401,48,0.11970074812967581
2025-08-09,2025-08-09T23:59:59+00:00,27914.327191535074,-9646.096242075975,18268.2309494591,404,48,0.1188118811881188
2025-08-10,2025-08-10T23:59:59+00:00,27914.327191535074,-9646.096242075975,18268.2309494591,407,48,0.11793611793611794
2025-08-11,2025-08-11T23:59:59+00:00,28748.832019657923,-9646.096242075975,19102.735777581947,407,48,0.11793611793611794
2025-08-12,2025-08-12T23:59:59+00:00,33043.1164876414,-9646.096242075975,23397.02024556542,410,48,0.11707317073170732
2025-08-13,2025-08-13T23:59:59+00:00,33043.1164876414,-9646.096242075975,23397.02024556542,411,48,0.11678832116788321
2025-08-14,2025-08-14T23:59:59+00:00,33043.1164876414,-9646.096242075975,23397.02024556542,415,48,0.11566265060240964
2025-08-15,2025-08-15T23:59:59+00:00,32505.003373849413,-9646.096242075975,22858.907131773438,418,48,0.11483253588516747
2025-08-16,2025-08-16T23:59:59+00:00,32503.127136349412,-9646.096242075975,22857.030894273437,420,48,0.11428571428571428
2025-08-17,2025-08-17T23:59:59+00:00,32503.127136349412,-9646.096242075975,22857.030894273437,422,48,0.11374407582938388
2025-08-18,2025-08-18T23:59:59+00:00,34056.425140129766,-10031.79655433425,24024.628585795515,426,49,0.11502347417840375
2025-08-19,2025-08-19T23:59:59+00:00,34056.425140129766,-10126.903029197552,23929.522110932216,430,49,0.11395348837209303
2025-08-20,2025-08-20T23:59:59+00:00,34232.79587415492,-9646.096242075975,24586.699632078948,436,48,0.11009174311926606
2025-08-21,2025-08-21T23:59:59+00:00,34199.738169329554,-9646.096242075975,24553.64192725358,440,48,0.10909090909090909
2025-08-22,2025-08-22T23:59:59+00:00,34297.10443500477,-9646.096242075975,24651.00819292879,442,48,0.1085972850678733
2025-08-23,2025-08-23T23:59:59+00:00,34331.142394827824,-9646.096242075975,24685.04615275185,443,48,0.10835214446952596
2025-08-24,2025-08-24T23:59:59+00:00,34907.450952401494,-9646.096242075975,25261.35471032552,445,48,0.10786516853932585
2025-08-25,2025-08-25T23:59:59+00:00,35259.11452209932,-9646.096242075975,25613.018280023345,446,48,0.10762331838565023
2025-08-26,2025-08-26T23:59:59+00:00,35287.775020509005,-9647.6306130814,25640.144407427608,452,49,0.1084070796460177
2025-08-27,2025-08-27T23:59:59+00:00,35287.775020509005,-9647.6306130814,25640.144407427608,464,49,0.10560344827586207
2025-08-28,2025-08-28T23:59:59+00:00,35383.348700684655,-9647.6306130814,25735.718087603258,476,49,0.10294117647058823
2025-08-29,2025-08-29T23:59:59+00:00,35337.91888442216,-9647.6306130814,25690.28827134076,493,49,0.09939148073022312
2025-08-30,2025-08-30T23:59:59+00:00,35337.91888442216,-9647.6306130814,25690.28827134076,495,49,0.09898989898989899
2025-08-31,2025-08-31T23:59:59+00:00,35137.15277446466,-9647.6306130814,25489.522161383262,500,49,0.098
2025-09-01,2025-09-01T23:59:59+00:00,35163.660336964655,-9647.6306130814,25516.029723883257,501,49,0.09780439121756487
2025-09-02,2025-09-02T23:59:59+00:00,35068.158791484486,-9647.6306130814,25420.52817840309,509,49,0.0962671905697446
2025-09-03,2025-09-03T23:59:59+00:00,35239.33379148448,-9647.6306130814,25591.703178403084,510,49,0.09607843137254903
2025-09-04,2025-09-04T23:59:59+00:00,34678.34386622298,-9647.6306130814,25030.713253141585,511,49,0.0958904109589041
2025-09-05,2025-09-05T23:59:59+00:00,34678.34386622298,-9647.6306130814,25030.713253141585,511,49,0.0958904109589041
2025-09-06,2025-09-06T23:59:59+00:00,34698.53586604405,-9647.6306130814,25050.90525296265,512,49,0.095703125
2025-09-07,2025-09-07T23:59:59+00:00,35500.24139211962,-9659.689266731399,25840.55212538822,525,50,0.09523809523809523
2025-09-08,2025-09-08T23:59:59+00:00,35500.24139211962,-9659.689266731399,25840.55212538822,542,50,0.09225092250922509
2025-09-09,2025-09-09T23:59:59+00:00,35479.63750832055,-9659.689266731399,25819.94824158915,546,50,0.09157509157509157
2025-09-10,2025-09-10T23:59:59+00:00,35035.82584025627,-9659.689266731399,25376.136573524873,554,50,0.09025270758122744
2025-09-11,2025-09-11T23:59:59+00:00,35047.72724712376,-9659.689266731399,25388.03798039236,558,50,0.08960573476702509
2025-09-12,2025-09-12T23:59:59+00:00,35051.74378517674,-9658.154895725975,25393.588889450766,561,49,0.0873440285204991
2025-09-13,2025-09-13T23:59:59+00:00,35161.83490467188,-9783.016824470944,25378.818080200937,562,50,0.08896797153024912
2025-09-14,2025-09-14T23:59:59+00:00,35150.05163735218,-9807.903155353735,25342.148481998447,570,51,0.08947368421052632
2025-09-15,2025-09-15T23:59:59+00:00,35150.05163735218,-9807.903155353735,25342.148481998447,584,51,0.08732876712328767
2025-09-16,2025-09-16T23:59:59+00:00,34478.732123342576,-9807.903155353735,24670.82896798884,584,51,0.08732876712328767
2025-09-17,2025-09-17T23:59:59+00:00,34658.48024713019,-9807.903155353735,24850.577091776453,583,51,0.08747855917667238
2025-09-18,2025-09-18T23:59:59+00:00,34575.99805316803,-9807.903155353735,24768.09489781429,584,51,0.08732876712328767
2025-09-19,2025-09-19T23:59:59+00:00,34646.55799402642,-9769.955930353735,24876.602063672686,592,52,0.08783783783783784
2025-09-20,2025-09-20T23:59:59+00:00,34795.70276398587,-9807.903155353735,24987.799608632136,592,51,0.08614864864864864
2025-09-21,2025-09-21T23:59:59+00:00,34542.70920862899,-10139.833182423941,24402.87602620505,597,53,0.08877721943048576
2025-09-22,2025-09-22T23:59:59+00:00,34550.520997108615,-7621.6838646919505,26928.837132416666,609,54,0.08866995073891626
2025-09-23,2025-09-23T23:59:59+00:00,34328.83262904419,-7621.6838646919505,26707.14876435224,610,54,0.08852459016393442
2025-09-24,2025-09-24T23:59:59+00:00,34409.5814259647,-7570.296134542995,26839.285291421707,616,53,0.08603896103896104
2025-09-25,2025-09-25T23:59:59+00:00,34357.22804636582,-7570.296134542995,26786.931911822823,618,53,0.08576051779935275
2025-09-26,2025-09-26T23:59:59+00:00,34344.68672290167,-7574.688134542995,26769.998588358678,627,54,0.0861244019138756
2025-09-27,2025-09-27T23:59:59+00:00,34355.09568620532,-7657.814130645141,26697.28155556018,629,55,0.08744038155802862
2025-09-28,2025-09-28T23:59:59+00:00,34355.09568620532,-7648.314130645141,26706.78155556018,637,55,0.08634222919937205
2025-09-29,2025-09-29T23:59:59+00:00,34705.96285568517,-7684.994189252659,27020.96866643251,648,56,0.08641975308641975
2025-09-30,2025-09-30T23:59:59+00:00,34510.68826540992,-7164.160312953494,27346.527952456425,654,56,0.0856269113149847
2025-10-01,2025-10-01T23:59:59+00:00,35008.79120067644,-7915.9847856586375,27092.8064150178,660,59,0.0893939393939394
2025-10-02,2025-10-02T23:59:59+00:00,35026.20052201348,-7315.976309765896,27710.224212247587,662,60,0.09063444108761329
2025-10-03,2025-10-03T23:59:59+00:00,35090.114903994414,-5860.811223111536,29229.303680882877,662,64,0.09667673716012085
2025-10-04,2025-10-04T23:59:59+00:00,34879.32844505035,-7326.435568416999,27552.89287663335,657,67,0.1019786910197869
2025-10-05,2025-10-05T23:59:59+00:00,33565.050703288376,-8151.375129076809,25413.675574211567,664,73,0.10993975903614457
2025-10-06,2025-10-06T23:59:59+00:00,33583.90177931064,-8255.271003017151,25328.63077629349,671,75,0.11177347242921014
2025-10-07,2025-10-07T23:59:59+00:00,33649.8928283106,-8697.529274228162,24952.36355408244,676,80,0.11834319526627218
2025-10-08,2025-10-08T23:59:59+00:00,33630.47859993597,-8775.462585084557,24855.01601485141,674,80,0.11869436201780416
2025-10-09,2025-10-09T23:59:59+00:00,33727.01393467055,-8643.509568585747,25083.504366084802,678,83,0.1224188790560472
2025-10-10,2025-10-10T23:59:59+00:00,33727.01393467055,-8186.404406890278,25540.60952778027,682,84,0.12316715542521994
2025-10-11,2025-10-11T23:59:59+00:00,33727.01393467055,-8189.698706890277,25537.31522778027,684,84,0.12280701754385964
2025-10-12,2025-10-12T23:59:59+00:00,33784.13099986647,-8356.773716690279,25427.357283176192,683,85,0.12445095168374817
2025-10-13,2025-10-13T23:59:59+00:00,33630.18120541708,-8712.412696201563,24917.768509215515,689,89,0.12917271407837447
2025-10-14,2025-10-14T23:59:59+00:00,33580.98617213355,-7080.813260307268,26500.17291182628,698,95,0.1361031518624642
2025-10-15,2025-10-15T23:59:59+00:00,33977.34614919014,-7093.267250815396,26884.078898374744,704,97,0.1377840909090909
2025-10-16,2025-10-16T23:59:59+00:00,34899.31523636929,-7175.111977846142,27724.20325852315,705,98,0.13900709219858157
2025-10-17,2025-10-17T23:59:59+00:00,36071.812044733335,-7243.520756767103,28828.291287966233,705,99,0.14042553191489363
2025-10-18,2025-10-18T23:59:59+00:00,36084.37174650711,-7083.866829195679,29000.50491731143,708,99,0.13983050847457626
2025-10-19,2025-10-19T23:59:59+00:00,36431.380837161516,-6828.395716206911,29602.985120954603,713,101,0.14165497896213183
2025-10-20,2025-10-20T23:59:59+00:00,36449.16589921151,-6497.232335066536,29951.933564144976,720,107,0.1486111111111111
2025-10-21,2025-10-21T23:59:59+00:00,36585.81614317858,-6350.009472876359,30235.80667030222,724,110,0.15193370165745856
2025-10-22,2025-10-22T23:59:59+00:00,36581.000670705725,-6376.577386537162,30204.423284168563,733,116,0.1582537517053206
2025-10-23,2025-10-23T23:59:59+00:00,36904.11033051236,-6568.057481661361,30336.052848851003,751,121,0.1611185086551265
2025-10-24,2025-10-24T23:59:59+00:00,36962.389454864926,-6511.817530050013,30450.57192481491,765,123,0.1607843137254902
2025-10-25,2025-10-25T23:59:59+00:00,36962.389454864926,-6545.86443569004,30416.525019174886,779,125,0.16046213093709885
2025-10-26,2025-10-26T23:59:59+00:00,36800.04183418648,-6684.56088958072,30115.48094460576,786,125,0.15903307888040713
2025-10-27,2025-10-27T23:59:59+00:00,37279.89203364012,-6321.918809645018,30957.973223995104,785,125,0.1592356687898089
2025-10-28,2025-10-28T23:59:59+00:00,37591.478670475306,-6721.295160214151,30870.183510261155,787,125,0.1588310038119441
2025-10-29,2025-10-29T23:59:59+00:00,37562.432762141994,-6721.295160214151,30841.137601927843,791,125,0.15802781289506954
2025-10-30,2025-10-30T23:59:59+00:00,38218.79663915254,-6270.937348407389,31947.859290745153,804,128,0.15920398009950248
2025-10-31,2025-10-31T23:59:59+00:00,38245.04183977606,-6250.087498951474,31994.954340824585,808,128,0.15841584158415842
2025-11-01,2025-11-01T23:59:59+00:00,38699.311920385655,-6250.087498951474,32449.22442143418,811,128,0.15782983970406905
2025-11-02,2025-11-02T23:59:59+00:00,38714.1941757585,-6288.7884941382135,32425.405681620286,816,130,0.15931372549019607
2025-11-03,2025-11-03T23:59:59+00:00,38707.107551173496,-6283.648488926621,32423.459062246875,820,131,0.1597560975609756
2025-11-04,2025-11-04T23:59:59+00:00,38099.644511192695,-6283.648488926621,31815.996022266074,824,131,0.15898058252427186
2025-11-05,2025-11-05T23:59:59+00:00,37944.3970487977,-6283.648488926621,31660.748559871077,833,131,0.15726290516206481
2025-11-06,2025-11-06T23:59:59+00:00,38060.22383124181,-6301.961148385895,31758.262682855915,835,132,0.15808383233532936
2025-11-07,2025-11-07T23:59:59+00:00,38799.59651831436,-6261.085398385896,32538.511119928466,837,131,0.15651135005973715
2025-11-08,2025-11-08T23:59:59+00:00,38894.86106583153,-6293.453881785896,32601.407184045634,840,132,0.15714285714285714
2025-11-09,2025-11-09T23:59:59+00:00,38960.26765849635,-6290.644381785896,32669.623276710452,837,131,0.15651135005973715
2025-11-10,2025-11-10T23:59:59+00:00,39952.99744046232,-6290.644381785896,33662.353058676425,848,131,0.1544811320754717
2025-11-11,2025-11-11T23:59:59+00:00,40207.62992218086,-6353.059946119206,33854.569976061655,854,132,0.15456674473067916
2025-11-12,2025-11-12T23:59:59+00:00,40495.750978741315,-6333.062183619205,34162.68879512211,853,133,0.1559202813599062
2025-11-13,2025-11-13T23:59:59+00:00,40441.39317630215,-6609.12740486063,33832.26577144152,845,130,0.15384615384615385
2025-11-14,2025-11-14T23:59:59+00:00,40596.50749944031,-6609.12740486063,33987.38009457968,845,130,0.15384615384615385
2025-11-15,2025-11-15T23:59:59+00:00,40728.87173784707,-6639.949786662003,34088.92195118507,849,131,0.15429917550058891
2025-11-16,2025-11-16T23:59:59+00:00,41101.77073787045,-6664.74375298795,34437.0269848825,848,131,0.1544811320754717
2025-11-17,2025-11-17T23:59:59+00:00,41130.43806887581,-6664.74375298795,34465.69431588786,859,131,0.15250291036088476
2025-11-18,2025-11-18T23:59:59+00:00,43972.774450123376,-6664.74375298795,37308.03069713543,856,131,0.1530373831775701
2025-11-19,2025-11-19T23:59:59+00:00,43972.774450123376,-6664.74375298795,37308.03069713543,856,131,0.1530373831775701
2025-11-20,2025-11-20T23:59:59+00:00,43972.774450123376,-6664.74375298795,37308.03069713543,856,131,0.1530373831775701
2025-11-21,2025-11-21T23:59:59+00:00,43972.774450123376,-6664.74375298795,37308.03069713543,856,131,0.1530373831775701
2025-11-22,2025-11-22T23:59:59+00:00,43972.774450123376,-6664.74375298795,37308.03069713543,856,131,0.1530373831775701
2025-11-23,2025-11-23T23:59:59+00:00,43972.774450123376,-6664.74375298795,37308.03069713543,856,131,0.1530373831775701
2025-11-24,2025-11-24T23:59:59+00:00,43972.774450123376,-6664.74375298795,37308.03069713543,856,131,0.1530373831775701
2025-11-25,2025-11-25T23:59:59+00:00,43972.774450123376,-6664.74375298795,37308.03069713543,856,131,0.1530373831775701
2025-11-26,2025-11-26T23:59:59+00:00,43972.774450123376,-6664.74375298795,37308.03069713543,856,131,0.1530373831775701
2025-11-27,2025-11-27T23:59:59+00:00,43972.774450123376,-6664.74375298795,37308.03069713543,856,131,0.1530373831775701
2025-11-28,2025-11-28T23:59:59+00:00,43972.774450123376,-6664.74375298795,37308.03069713543,856,131,0.1530373831775701
2025-11-29,2025-11-29T23:59:59+00:00,43972.774450123376,-6664.74375298795,37308.03069713543,856,131,0.1530373831775701
2025-11-30,2025-11-30T23:59:59+00:00,43972.774450123376,-6664.74375298795,37308.03069713543,856,131,0.1530373831775701
2025-12-01,2025-12-01T23:59:59+00:00,43972.774450123376,-6664.74375298795,37308.03069713543,856,131,0.1530373831775701
2025-12-02,2025-12-02T23:59:59+00:00,43972.774450123376,-6664.74375298795,37308.03069713543,856,131,0.1530373831775701
2025-12-03,2025-12-03T23:59:59+00:00,43972.774450123376,-6664.74375298795,37308.03069713543,856,131,0.1530373831775701
2025-12-04,2025-12-04T23:59:59+00:00,43972.774450123376,-6664.74375298795,37308.03069713543,856,131,0.1530373831775701
2025-12-05,2025-12-05T23:59:59+00:00,43972.774450123376,-6664.74375298795,37308.03069713543,856,131,0.1530373831775701
2025-12-06,2025-12-06T23:59:59+00:00,43972.774450123376,-6664.74375298795,37308.03069713543,856,131,0.1530373831775701
2025-12-07,2025-12-07T23:59:59+00:00,43972.774450123376,-6664.74375298795,37308.03069713543,856,131,0.1530373831775701
2025-12-08,2025-12-08T23:59:59+00:00,43972.774450123376,-6664.74375298795,37308.03069713543,856,131,0.1530373831775701
2025-12-09,2025-12-09T23:59:59+00:00,43972.774450123376,-6664.74375298795,37308.03069713543,856,131,0.1530373831775701
2025-12-10,2025-12-10T23:59:59+00:00,43972.774450123376,-6664.74375298795,37308.03069713543,856,131,0.1530373831775701
2025-12-11,2025-12-11T23:59:59+00:00,43972.774450123376,-6664.74375298795,37308.03069713543,856,131,0.1530373831775701
2025-12-12,2025-12-12T23:59:59+00:00,43972.774450123376,-6664.74375298795,37308.03069713543,856,131,0.1530373831775701
2025-12-13,2025-12-13T23:59:59+00:00,43972.774450123376,-6664.74375298795,37308.03069713543,856,131,0.1530373831775701
2025-12-14,2025-12-14T23:59:59+00:00,43972.774450123376,-6664.74375298795,37308.03069713543,856,131,0.1530373831775701
2025-12-15,2025-12-15T23:59:59+00:00,43972.774450123376,-6193.511249925175,37779.2632001982,856,132,0.1542056074766355
2025-12-16,2025-12-16T23:59:59+00:00,43972.774450123376,-6188.711265169175,37784.0631849542,856,132,0.1542056074766355
2025-12-17,2025-12-17T23:59:59+00:00,43972.774450123376,-6194.711246114175,37778.0632040092,856,132,0.1542056074766355
2025-12-18,2025-12-18T23:59:59+00:00,43972.774450123376,-6192.311253736174,37780.4631963872,857,132,0.15402567094515754
2025-12-19,2025-12-19T23:59:59+00:00,44879.74491698021,-6193.503725677304,38686.24119130291,866,133,0.1535796766743649
2025-12-20,2025-12-20T23:59:59+00:00,45245.90443621783,-6191.105654412303,39054.798781805526,871,134,0.15384615384615385
2025-12-21,2025-12-21T23:59:59+00:00,45689.996369306544,-6270.755917750804,39419.24045155574,873,135,0.15463917525773196
2025-12-22,2025-12-22T23:59:59+00:00,46291.759448974626,-6660.538163191578,39631.221285783045,880,133,0.15113636363636362
2025-12-23,2025-12-23T23:59:59+00:00,46537.571685179246,-6660.538163191578,39877.033521987665,888,133,0.14977477477477477
2025-12-24,2025-12-24T23:59:59+00:00,46325.95341091183,-6660.538163191578,39665.41524772025,883,133,0.1506228765571914
2025-12-25,2025-12-25T23:59:59+00:00,50488.79533893223,-6660.538163191578,43828.25717574065,886,133,0.15011286681715574
2025-12-26,2025-12-26T23:59:59+00:00,50570.84761561515,-6660.538163191578,43910.30945242357,888,133,0.14977477477477477
2025-12-27,2025-12-27T23:59:59+00:00,51544.00732234236,-6630.14059160341,44913.86673073895,881,132,0.14982973893303064
2025-12-28,2025-12-28T23:59:59+00:00,51220.45171851817,-6630.14059160341,44590.311126914756,882,132,0.14965986394557823
2025-12-29,2025-12-29T23:59:59+00:00,51303.73720549009,-6630.14059160341,44673.59661388668,891,132,0.14814814814814814
2025-12-30,2025-12-30T23:59:59+00:00,48328.90482275295,-6630.14059160341,41698.76423114954,890,132,0.14831460674157304
2025-12-31,2025-12-31T23:59:59+00:00,48326.46559775295,-6630.14059160341,41696.325006149535,902,132,0.14634146341463414
2026-01-01,2026-01-01T23:59:59+00:00,48326.46559775295,-6630.14059160341,41696.325006149535,906,132,0.1456953642384106
2026-01-02,2026-01-02T23:59:59+00:00,48357.36803680119,-6630.14059160341,41727.22744519778,913,132,0.14457831325301204
2026-01-03,2026-01-03T23:59:59+00:00,48357.36803680119,-6630.14059160341,41727.22744519778,915,132,0.14426229508196722
2026-01-04,2026-01-04T23:59:59+00:00,48357.36803680119,-6630.14059160341,41727.22744519778,917,132,0.14394765539803708
2026-01-05,2026-01-05T23:59:59+00:00,48102.829921433506,-6630.14059160341,41472.68932983009,920,132,0.14347826086956522
2026-01-06,2026-01-06T23:59:59+00:00,48275.44586389757,-6630.14059160341,41645.30527229416,924,132,0.14285714285714285
2026-01-07,2026-01-07T23:59:59+00:00,48005.4923337157,-6654.640360192727,41350.85197352298,924,133,0.14393939393939395
2026-01-08,2026-01-08T23:59:59+00:00,47998.4906246782,-6658.380831305227,41340.10979337297,927,134,0.14455231930960086
2026-01-09,2026-01-09T23:59:59+00:00,69455.54594002181,-6675.05514386094,62780.49079616087,912,133,0.14583333333333334
2026-01-10,2026-01-10T23:59:59+00:00,69455.05113869681,-6675.05514386094,62779.995994835874,916,133,0.14519650655021835
2026-01-11,2026-01-11T23:59:59+00:00,69452.28738869682,-6675.05514386094,62777.232244835875,917,133,0.1450381679389313
2026-01-12,2026-01-12T23:59:59+00:00,69460.3378195822,-6687.439644380732,62772.898175201466,922,134,0.14533622559652928
2026-01-13,2026-01-13T23:59:59+00:00,70022.1018542467,-6644.923603694392,63377.178250552315,921,134,0.1454940282301846
2026-01-14,2026-01-14T23:59:59+00:00,70122.55579229834,-6683.779322393232,63438.77646990511,921,133,0.1444082519001086
2026-01-15,2026-01-15T23:59:59+00:00,70122.39866472619,-6683.779322393232,63438.61934233296,927,133,0.14347357065803668
2026-01-16,2026-01-16T23:59:59+00:00,70408.1806327283,-6653.9161348174075,63754.26449791089,937,135,0.144076840981857
2026-01-17,2026-01-17T23:59:59+00:00,70434.5065166194,-7610.8428829672375,62823.66363365216,939,137,0.14589989350372737
2026-01-18,2026-01-18T23:59:59+00:00,70678.2018737929,-6736.421423876279,63941.78044991662,946,139,0.14693446088794926
2026-01-19,2026-01-19T23:59:59+00:00,68106.0614960335,-6761.8120253080515,61344.249470725445,948,137,0.14451476793248946
2026-01-20,2026-01-20T23:59:59+00:00,68130.21275713395,-6761.8120253080515,61368.4007318259,951,137,0.1440588853838065
2026-01-21,2026-01-21T23:59:59+00:00,68220.06395482489,-6649.28405849414,61570.77989633075,957,138,0.14420062695924765
2026-01-22,2026-01-22T23:59:59+00:00,68128.16207982489,-6617.54968637667,61510.612393448224,964,139,0.1441908713692946
2026-01-23,2026-01-23T23:59:59+00:00,69568.88146767164,-7493.480190034049,62075.4012776376,964,139,0.1441908713692946
2026-01-24,2026-01-24T23:59:59+00:00,69980.63727799883,-7021.296927692693,62959.340350306134,968,141,0.14566115702479338
2026-01-25,2026-01-25T23:59:59+00:00,70117.8579764384,-6730.88119831432,63386.97677812409,968,141,0.14566115702479338
2026-01-26,2026-01-26T23:59:59+00:00,70117.8579764384,-6704.5623062398,63413.295670198604,968,141,0.14566115702479338
2026-01-27,2026-01-27T23:59:59+00:00,70277.90797643841,-6625.60563001624,63652.30234642217,970,141,0.14536082474226805
2026-01-28,2026-01-28T23:59:59+00:00,70817.16507154945,-6625.60563001624,64191.55944153321,975,141,0.14461538461538462
2026-01-29,2026-01-29T23:59:59+00:00,70769.25352113834,-6671.858048739532,64097.395472398806,1004,142,0.14143426294820718
2026-01-30,2026-01-30T23:59:59+00:00,70911.94686057375,-6589.048148739532,64322.89871183422,1027,142,0.1382667964946446
2026-01-31,2026-01-31T23:59:59+00:00,70916.95196682375,-6639.654198739532,64277.297768084216,1031,142,0.13773035887487875
2026-02-01,2026-02-01T23:59:59+00:00,71291.1354858446,-6697.075436069222,64594.06004977538,1042,143,0.13723608445297505
2026-02-02,2026-02-02T23:59:59+00:00,71202.6963562321,-6655.670486069222,64547.025870162885,1045,143,0.1368421052631579
2026-02-03,2026-02-03T23:59:59+00:00,70661.53392260747,-6605.064436069221,64056.46948653825,1042,143,0.13723608445297505
2026-02-04,2026-02-04T23:59:59+00:00,70748.50231398919,-6747.052193045857,64001.45012094333,1042,143,0.13723608445297505
2026-02-05,2026-02-05T23:59:59+00:00,71655.76645771766,-6038.517038340363,65617.2494193773,1048,144,0.13740458015267176
2026-02-06,2026-02-06T23:59:59+00:00,71081.72717883917,-6038.517038340363,65043.210140498806,1051,144,0.13701236917221693
2026-02-07,2026-02-07T23:59:59+00:00,67207.51080289255,-6038.517038340363,61168.993764552186,1052,144,0.13688212927756654
2026-02-08,2026-02-08T23:59:59+00:00,67128.35282254849,-6038.517038340363,61089.83578420813,1053,144,0.13675213675213677
2026-02-09,2026-02-09T23:59:59+00:00,67129.35027022744,-6064.273833219312,61065.07643700813,1054,143,0.13567362428842505
2026-02-10,2026-02-10T23:59:59+00:00,67537.49879325158,-6064.273833219312,61473.22496003227,1057,143,0.13528855250709557
2026-02-11,2026-02-11T23:59:59+00:00,66185.58406915222,-5980.647837117166,60204.93623203505,1053,142,0.13485280151946819
2026-02-12,2026-02-12T23:59:59+00:00,66206.10312179978,-5953.366924487985,60252.736197311795,1058,143,0.13516068052930058
2026-02-13,2026-02-13T23:59:59+00:00,66216.18169874299,-5953.366924487985,60262.814774255006,1067,143,0.13402061855670103
2026-02-14,2026-02-14T23:59:59+00:00,66216.18169874299,-5939.212330174553,60276.96936856844,1074,144,0.1340782122905028
2026-02-15,2026-02-15T23:59:59+00:00,66216.18169874299,-5939.212330174553,60276.96936856844,1074,144,0.1340782122905028
2026-02-16,2026-02-16T23:59:59+00:00,65807.53190615919,-5939.212330174553,59868.319575984635,1072,144,0.13432835820895522
2026-02-17,2026-02-17T23:59:59+00:00,65903.13564718993,-5980.647837117166,59922.487810072766,1069,142,0.13283442469597756
2026-02-18,2026-02-18T23:59:59+00:00,66754.00696016826,-5980.647837117166,60773.359123051094,1064,142,0.13345864661654136
2026-02-19,2026-02-19T23:59:59+00:00,66746.85695499313,-5980.647837117166,60766.20911787596,1065,142,0.13333333333333333
2026-02-20,2026-02-20T23:59:59+00:00,66605.81396193427,-5980.647837117166,60625.1661248171,1067,142,0.1330834114339269
2026-02-21,2026-02-21T23:59:59+00:00,66638.37230642229,-5952.553096948338,60685.81920947395,1068,144,0.1348314606741573
2026-02-22,2026-02-22T23:59:59+00:00,66638.37230642229,-5952.553096948338,60685.81920947395,1069,144,0.13470533208606175
2026-02-23,2026-02-23T23:59:59+00:00,66692.93222984298,-5952.553096948338,60740.37913289464,1071,144,0.13445378151260504
2026-02-24,2026-02-24T23:59:59+00:00,66102.5254945887,-5952.553096948338,60149.97239764036,1071,144,0.13445378151260504
2026-02-25,2026-02-25T23:59:59+00:00,66105.1868465687,-5948.706709899112,60156.48013666959,1079,145,0.13438368860055608
2026-02-26,2026-02-26T23:59:59+00:00,66108.0453187187,-5948.706709899112,60159.338608819584,1081,145,0.1341350601295097
2026-02-27,2026-02-27T23:59:59+00:00,67650.02663027548,-5959.164626199113,61690.86200407636,1085,147,0.13548387096774195
2026-02-28,2026-02-28T23:59:59+00:00,67648.84605410915,-5947.322288152704,61701.523765956445,1095,152,0.13881278538812786
2026-03-01,2026-03-01T23:59:59+00:00,68885.12246925986,-5099.792966149281,63785.32950311058,1100,158,0.14363636363636365
2026-03-02,2026-03-02T23:59:59+00:00,69265.05795192506,-5769.76906159843,63495.28889032663,1101,158,0.14350590372388738
2026-03-03,2026-03-03T23:59:59+00:00,69265.05795192506,-7616.01890137172,61649.03905055334,1103,159,0.1441523118766999
2026-03-04,2026-03-04T23:59:59+00:00,69668.8476296372,-8241.948796614844,61426.89883302235,1122,163,0.14527629233511585
2026-03-05,2026-03-05T23:59:59+00:00,69793.96293294299,-8289.136123536595,61504.8268094064,1142,169,0.14798598949211908
2026-03-06,2026-03-06T23:59:59+00:00,69925.0284606724,-8135.680657605283,61789.34780306712,1147,168,0.14646904969485613
2026-03-07,2026-03-07T23:59:59+00:00,70136.98514886384,-9135.68038613943,61001.30476272441,1154,168,0.14558058925476602
2026-03-08,2026-03-08T23:59:59+00:00,70379.62881127333,-8190.840621798478,62188.78818947485,1162,170,0.14629948364888123
2026-03-09,2026-03-09T23:59:59+00:00,70333.78916195946,-8094.216696745034,62239.57246521443,1171,173,0.14773697694278395
2026-03-10,2026-03-10T23:59:59+00:00,70594.35242173444,-8367.900902685278,62226.45151904916,1178,173,0.1468590831918506
2026-03-11,2026-03-11T23:59:59+00:00,61736.588806709435,-8151.1738370197,53585.41496968974,1191,173,0.1452560873215785
2026-03-12,2026-03-12T23:59:59+00:00,61804.578107263806,-7326.848569086193,54477.72953817761,1193,190,0.15926236378876782
2026-03-13,2026-03-13T23:59:59+00:00,61861.83925304415,-8513.27127937659,53348.56797366756,1188,196,0.16498316498316498
2026-03-14,2026-03-14T23:59:59+00:00,60532.96155174994,-11844.713875159294,48688.24767659065,1191,224,0.18807724601175482
2026-03-15,2026-03-15T23:59:59+00:00,60523.303334361735,-18260.06018591142,42263.24314845032,1193,246,0.20620284995808885
2026-03-16,2026-03-16T23:59:59+00:00,58155.19660413146,-14770.953595178393,43384.24300895307,1195,253,0.21171548117154812
2026-03-17,2026-03-17T23:59:59+00:00,58102.9011111446,-12007.58035721639,46095.320753928216,1213,273,0.22506183017312448
2026-03-18,2026-03-18T23:59:59+00:00,58084.05033466761,-9324.958734596947,48759.091600070664,1216,279,0.2294407894736842
2026-03-19,2026-03-19T23:59:59+00:00,58468.51432494541,-8436.470109878735,50032.04421506668,1220,287,0.23524590163934425
2026-03-20,2026-03-20T23:59:59+00:00,58517.34801358291,-10047.69350310671,48469.6545104762,1223,291,0.23793949304987735
2026-03-21,2026-03-21T23:59:59+00:00,58550.800169240145,-9872.157454049755,48678.64271519039,1225,296,0.2416326530612245
2026-03-22,2026-03-22T23:59:59+00:00,57832.77850220894,-12211.55698460566,45621.22151760328,1227,299,0.2436837815810921
2026-03-23,2026-03-23T23:59:59+00:00,58155.610453980735,-12261.52434856977,45894.08610541096,1227,300,0.24449877750611246
2026-03-24,2026-03-24T23:59:59+00:00,57479.767611344694,-11307.046314369883,46172.72129697481,1230,304,0.24715447154471545
2026-03-25,2026-03-25T23:59:59+00:00,57587.16644790709,-11466.134462597913,46121.03198530918,1233,308,0.24979724249797242
2026-03-26,2026-03-26T23:59:59+00:00,57509.576666630805,-9753.993290236729,47755.583376394075,1237,319,0.25788197251414713
2026-03-27,2026-03-27T23:59:59+00:00,55966.93279230942,-8693.85150830357,47273.08128400585,1242,324,0.2608695652173913
2026-03-28,2026-03-28T23:59:59+00:00,55951.0698635557,-8625.686408672735,47325.38345488296,1245,327,0.26265060240963856
2026-03-29,2026-03-29T23:59:59+00:00,55951.0698635557,-9598.525522682718,46352.54434087298,1249,331,0.26501200960768617
2026-03-30,2026-03-30T23:59:59+00:00,55945.77809169399,-9639.03935959215,46306.73873210184,1249,331,0.26501200960768617
